beauty_seq,mem_seq,beauty_name,beauty_locate,beauty_content,beauty_phone,beauty_score,beauty_hit,beauty_wdate,beauty_update
0,27,헤어20J,서울 동작구 동작대로27가길 36 (우)07008,hi,02-5108-6736,4,0,2023-05-24 15:17:39,2023-05-24 15:17:39
1,26,블루클럽 사당점,서울 관악구 남부순환로 2062 1층 (우)08806,매일 10:00 ~ 20:00,02-8256-4618,5,0,2023-05-24 15:17:39,2023-05-24 15:17:39
2,27,박승철헤어스투디오 방배점,서울 서초구 방배로 104 인혜빌딩 2층 (우)06665,매일 10:30 ~ 21:00,02-3950-8352,1,0,2023-05-24 15:17:39,2023-05-24 15:17:39
3,35,박준뷰티랩,서울 서초구 서초대로22길 11 (우)06672,hi,02-9961-7165,4,0,2023-05-24 15:17:39,2023-05-24 15:17:39
4,32,블루클럽 방배점,서울 서초구 방배로 116 (우)06664,hi,02-584-1733,4,0,2023-05-24 15:17:39,2023-05-24 15:17:39
5,32,로이드밤 사당역점,서울 동작구 동작대로7길 4 2층 (우)07015,매일 10:00 ~ 21:00,02-6088-7942,5,0,2023-05-24 15:17:39,2023-05-24 15:17:39
6,29,헤어더뷰 이수점,서울 동작구 동작대로 107 2층 (우)07008,hi,02-535-6262,5,0,2023-05-24 15:17:39,2023-05-24 15:17:39
7,30,쓰담스타일을담다 M 이수점,서울 서초구 방배천로18길 11 상가B동 106호 (우)06676,hi,02-523-6941,3,0,2023-05-24 15:17:39,2023-05-24 15:17:39
8,29,이철헤어커커 방배점,서울 서초구 방배로 93 보령빌딩 2층 2호 (우)06686,hi,02-2055-2326,3,0,2023-05-24 15:17:39,2023-05-24 15:17:39
9,30,살롱드키코 이수역점,서울 서초구 서초대로 3-4 디오슈페리움1차 1층 101-2호 (우)06568,월~금 11:00 ~ 21:00,02-9123-5028,4,0,2023-05-24 15:17:39,2023-05-24 15:17:39
10,28,너만봄헤어,서울 동작구 사당로29가길 6 1층 102호 (우)07008,hi,02-6449-2187,2,0,2023-05-24 15:17:39,2023-05-24 15:17:39
11,30,굿뉴스바버샵,서울 서초구 도구로 123-2 (우)06569,hi,02-4902-5276,4,0,2023-05-24 15:17:39,2023-05-24 15:17:39
12,30,진미장살롱,서울 서초구 서초대로 17 (우)06569,hi,02-6445-9199,3,0,2023-05-24 15:17:39,2023-05-24 15:17:39
13,29,커즈헤어 사당역점,서울 서초구 동작대로 56 (우)06677,hi,02-4699-6948,1,0,2023-05-24 15:17:39,2023-05-24 15:17:39
14,30,라라엘헤어,서울 동작구 사당로 243 3층 (우)07005,hi,02-583-0128,2,0,2023-05-24 15:17:39,2023-05-24 15:17:39
15,28,LEMIT르미트,서울 동작구 동작대로 119 5층 (우)07008,화~일 10:30 ~ 20:30,02-3330-5519,5,0,2023-05-24 15:17:39,2023-05-24 15:17:39
16,28,재현하다,서울 서초구 방배천로24길 11 (우)06675,hi,02-6196-3966,1,0,2023-05-24 15:17:39,2023-05-24 15:17:39
17,33,에니스모어헤어 이수역점,서울 동작구 사당로 282 2층 (우)07013,hi,02-5869-1959,1,0,2023-05-24 15:17:39,2023-05-24 15:17:39
18,29,아름디헤어 이수역점,서울 서초구 서초대로3길 10-2 1층 (우)06569,화요일,02-5113-0792,4,0,2023-05-24 15:17:39,2023-05-24 15:17:39
19,30,리소헤어 이수역점,서울 동작구 동작대로 123 2층 (우)07008,매일 11:00 ~ 22:00,02-8101-3324,1,0,2023-05-24 15:17:39,2023-05-24 15:17:39
20,34,하루,서울 서초구 청두곶7길 21 1층 (우)06691,화~일 10:00 ~ 20:00,02-6368-3145,1,0,2023-05-24 15:17:39,2023-05-24 15:17:39
21,33,이훈ALL30000,서울 동작구 동작대로 71 (우)07013,hi,02-1683-1420,3,0,2023-05-24 15:17:39,2023-05-24 15:17:39
22,31,하이리헤어,서울 서초구 방배천로6길 33-1 (우)06691,hi,02-2525-6519,3,0,2023-05-24 15:17:39,2023-05-24 15:17:39
23,33,이진헤어 본점,"서울 동작구 사당로 300 이수자이 2층 223,224호 (우)07013",월~토 10:00 ~ 21:00,02-6646-9357,3,0,2023-05-24 15:17:39,2023-05-24 15:17:39
24,27,에이컨셉 이수점,서울 동작구 동작대로 103 (우)07008,hi,02-535-4425,1,0,2023-05-24 15:17:39,2023-05-24 15:17:39
25,31,핑크헤어,서울 동작구 사당로28길 13 (우)07013,hi,02-6025-8809,4,0,2023-05-24 15:17:39,2023-05-24 15:17:39
26,31,이훈plan30000 방배역점,서울 서초구 효령로 115 2층 (우)06686,월~토 10:00 ~ 20:00,02-2459-5369,2,0,2023-05-24 15:17:39,2023-05-24 15:17:39
27,33,살롱드여운 이수역점,서울 동작구 동작대로27가길 48 보미빌딩 4층 (우)07008,매일 10:30 ~ 20:00,02-533-2437,2,0,2023-05-24 15:17:39,2023-05-24 15:17:39
28,30,제오헤어 이수역점,서울 서초구 동작대로 108 디오슈페리움2 2층 201호 (우)06568,매일 10:00 ~ 21:00,02-1568-6947,4,0,2023-05-24 15:17:39,2023-05-24 15:17:39
29,34,하리미헤어,서울 동작구 동작대로5길 20 2층 (우)07015,화~일 11:00 ~ 20:00,02-3381-8598,3,0,2023-05-24 15:17:39,2023-05-24 15:17:39
30,26,오다헤어 이수점,서울 동작구 동작대로27길 11 (우)07008,hi,02-8274-2471,1,0,2023-05-24 15:17:39,2023-05-24 15:17:39
31,29,가든미용실,서울 동작구 동작대로15길 96 (우)07012,hi,02-4172-7283,1,0,2023-05-24 15:17:39,2023-05-24 15:17:39
32,26,살롱라인,서울 동작구 동작대로33길 7 1층 (우)06997,화~일 10:00 ~ 20:00,02-6945-5656,4,0,2023-05-24 15:17:39,2023-05-24 15:17:39
33,26,숫컷 이수점,서울 동작구 동작대로29길 50 (우)06997,hi,02-9564-3286,2,0,2023-05-24 15:17:39,2023-05-24 15:17:39
34,29,준오헤어 낙성대역점,서울 관악구 남부순환로 1931 케이타워 2층 (우)08801,매일 10:00 ~ 21:30,02-6465-9926,5,0,2023-05-24 15:17:39,2023-05-24 15:17:39
35,33,헤어스토리,서울 서초구 서초대로1길 15 1층 102호 (우)06567,hi,02-4023-1492,1,0,2023-05-24 15:17:39,2023-05-24 15:17:39
36,34,헤어마시멜로 방배점,서울 서초구 효령로27길 35 2층 (우)06685,월~토 10:30 ~ 20:30,02-7557-4553,1,0,2023-05-24 15:17:39,2023-05-24 15:17:39
37,31,심비디움,서울 서초구 방배로23길 14 (우)06672,hi,02-6266-9137,5,0,2023-05-24 15:17:39,2023-05-24 15:17:39
38,29,김민헤어,서울 동작구 동작대로9나길 17 (우)07015,hi,02-3887-5684,2,0,2023-05-24 15:17:39,2023-05-24 15:17:39
39,33,온더에이치,서울 서초구 방배로15길 7 1층 101호 (우)06683,월~금 10:00 ~ 20:00,02-1095-5106,4,0,2023-05-24 15:17:39,2023-05-24 15:17:39
40,29,헤어메세지,서울 서초구 청두곶13길 21 (우)06677,hi,02-5063-2399,2,0,2023-05-24 15:17:39,2023-05-24 15:17:39
41,29,서로헤어,서울 서초구 동광로12가길 7 1층 (우)06568,hi,02-6014-4616,3,0,2023-05-24 15:17:39,2023-05-24 15:17:39
42,30,언니네헤어샵,서울 동작구 사당로16길 28 (우)07010,hi,02-7027-4214,1,0,2023-05-24 15:17:39,2023-05-24 15:17:39
43,33,부엔헤어샵 이수점,서울 서초구 방배천로4안길 84 101호 (우)06677,hi,010-5532-7954,1,0,2023-05-24 15:17:39,2023-05-24 15:17:39
44,32,이다헤어샵,서울 동작구 동작대로9가길 1 (우)07015,매일 10:30 ~ 22:00,070-4235-0828,4,0,2023-05-24 15:17:39,2023-05-24 15:17:39
45,26,김민희헤어클럽,서울 동작구 사당로27길 56 (우)07007,hi,02-6797-7746,2,0,2023-05-24 15:17:39,2023-05-24 15:17:39
46,34,이채영헤어,서울 서초구 서초대로1길 6 (우)06568,hi,02-0504-2782,2,0,2023-05-24 15:17:39,2023-05-24 15:17:39
47,26,살랑,서울 서초구 방배천로18길 11 방배롯데캐슬아르떼상가 A동 102호 (우)06676,hi,02-522-5143,4,0,2023-05-24 15:17:39,2023-05-24 15:17:39
48,29,끄댕이 사당역점,서울 동작구 동작대로5길 13 양재빌딩 2층 (우)07015,hi,0507-1327-9425,1,0,2023-05-24 15:17:39,2023-05-24 15:17:39
49,32,차홍룸 방배점,서울 서초구 방배로 103 2층 (우)06683,매일 10:00 ~ 19:00,02-9165-5939,1,0,2023-05-24 15:17:39,2023-05-24 15:17:39
50,32,수헤어,서울 서초구 방배천로6길 39-2 1층 (우)06691,hi,02-598-4225,1,0,2023-05-24 15:17:39,2023-05-24 15:17:39
51,27,이젤,서울 서초구 방배중앙로25길 21 1층 (우)06558,hi,02-6760-5309,5,0,2023-05-24 15:17:39,2023-05-24 15:17:39
52,33,윤스헤어카페,서울 동작구 동작대로29길 69 1층 (우)06999,월~토 09:00 ~ 19:30,02-6087-4369,3,0,2023-05-24 15:17:39,2023-05-24 15:17:39
53,28,메리엘살롱 이수점,서울 동작구 사당로 300 (우)07013,hi,02-6840-3953,1,0,2023-05-24 15:17:39,2023-05-24 15:17:39
54,34,오땡큐헤어천염염색,서울 서초구 방배중앙로21길 48 (우)06559,hi,02-7226-0236,3,0,2023-05-24 15:17:39,2023-05-24 15:17:39
55,29,문헤어샵,서울 서초구 서초대로1길 14 (우)06567,hi,02-3709-8727,3,0,2023-05-24 15:17:39,2023-05-24 15:17:39
56,28,헤어살롱Rebook,서울 서초구 방배천로20길 17 (우)06675,hi,02-4666-8336,4,0,2023-05-24 15:17:39,2023-05-24 15:17:39
57,29,감동미장원123,서울 서초구 방배천로2안길 120 경현행복한집 1층 102호 (우)06677,hi,02-9863-2859,2,0,2023-05-24 15:17:39,2023-05-24 15:17:39
58,30,디케이헤어,서울 서초구 방배중앙로27길 36 1층 (우)06554,월~토 10:00 ~ 21:00,02-534-2977,3,0,2023-05-24 15:17:39,2023-05-24 15:17:39
59,31,헤어엠코드 총신대점,서울 동작구 동작대로 127 2층 A호 (우)07008,hi,02-866-6603,1,0,2023-05-24 15:17:39,2023-05-24 15:17:39
60,26,송재원헤어샵,서울 서초구 동광로12가길 25 1층 (우)06568,hi,02-8391-2021,5,0,2023-05-24 15:17:39,2023-05-24 15:17:39
61,28,앨빈헤어살롱,서울 서초구 도구로 116-1 (우)06570,hi,02-1227-6580,3,0,2023-05-24 15:17:39,2023-05-24 15:17:39
62,28,꼼모아헤어 본점,서울 서초구 방배로23길 31-2 1층 꼼모아헤어 (우)06680,매일 10:30 ~ 21:00,02-2063-6503,4,0,2023-05-24 15:17:39,2023-05-24 15:17:39
63,32,서래미장 방배본점,서울 서초구 동광로 56-1 101호 (우)06562,화요일,010-2739-0147,1,0,2023-05-24 15:17:39,2023-05-24 15:17:39
64,34,헤어컴미용실,서울 동작구 동작대로29다길 15 (우)06997,hi,02-0959-6973,4,0,2023-05-24 15:17:39,2023-05-24 15:17:39
65,30,우송원헤어,서울 동작구 사당로30길 77 (우)07014,hi,02-3077-9782,2,0,2023-05-24 15:17:39,2023-05-24 15:17:39
66,27,마지끄유,서울 서초구 방배로13길 41-22 1층 (우)06685,매일 11:00 ~ 22:00,02-0603-7110,4,0,2023-05-24 15:17:39,2023-05-24 15:17:39
67,30,라움헤어,서울 서초구 방배중앙로21길 42 1층 (우)06559,"월,화,목,금,토 10:30 ~ 20:00",02-534-2737,4,0,2023-05-24 15:17:39,2023-05-24 15:17:39
68,29,일공이헤어,서울 서초구 방배천로4안길 38 (우)06691,hi,02-6650-9862,5,0,2023-05-24 15:17:39,2023-05-24 15:17:39
69,27,미정원,서울 서초구 방배중앙로13길 2 1층 (우)06570,hi,02-3885-1665,1,0,2023-05-24 15:17:39,2023-05-24 15:17:39
70,28,살롱드키코 사당다른점,서울 관악구 남부순환로 2050 2층 (우)08805,월~금 11:00 ~ 21:00,02-8098-0825,2,0,2023-05-24 15:17:39,2023-05-24 15:17:39
71,32,카라헤어,서울 동작구 동작대로29길 63-3 (우)07008,hi,02-7516-8932,4,0,2023-05-24 15:17:39,2023-05-24 15:17:39
72,29,헤세드헤어,서울 서초구 방배중앙로 145-2 (우)06560,hi,02-7970-9939,2,0,2023-05-24 15:17:39,2023-05-24 15:17:39
73,29,갤러리조희미용실,서울 서초구 동광로12가길 21 (우)06568,hi,02-6546-0096,4,0,2023-05-24 15:17:39,2023-05-24 15:17:39
74,32,밀리오레헤어클럽,서울 동작구 동작대로7길 36 (우)07015,hi,02-8235-0925,3,0,2023-05-24 15:17:39,2023-05-24 15:17:39
75,34,헤어제이클럽,서울 동작구 사당로29가길 46 (우)07008,hi,02-1736-9890,1,0,2023-05-24 15:17:39,2023-05-24 15:17:39
76,31,머리못하는집 사당48호점,서울 동작구 사당로16가길 4 (우)07010,hi,02-1310-5310,3,0,2023-05-24 15:17:39,2023-05-24 15:17:39
77,29,아르스에이치 방배점,서울 서초구 동광로 8 리스빌 2층 (우)06566,hi,02-6014-1944,1,0,2023-05-24 15:17:39,2023-05-24 15:17:39
78,31,마샬뷰티살롱,서울 서초구 방배천로18길 2 (우)06677,hi,02-2163-0393,2,0,2023-05-24 15:17:39,2023-05-24 15:17:39
79,33,제시카뷰티샵,서울 동작구 동작대로7길 26 (우)07015,hi,02-9120-7071,5,0,2023-05-24 15:17:39,2023-05-24 15:17:39
80,34,영앤정헤어,서울 동작구 동작대로1길 42 2층 (우)07025,매일 10:30 ~ 21:00,02-9756-0116,4,0,2023-05-24 15:17:39,2023-05-24 15:17:39
81,28,수헤어,서울 동작구 사당로27길 15 (우)07006,hi,02-9789-7712,4,0,2023-05-24 15:17:39,2023-05-24 15:17:39
82,32,어도어헤어,서울 동작구 동작대로15길 123 1층 (우)07011,hi,02-584-1231,5,0,2023-05-24 15:17:39,2023-05-24 15:17:39
83,29,상록수헤어,서울 동작구 동작대로13길 16-4 (우)07014,hi,02-3363-4934,1,0,2023-05-24 15:17:39,2023-05-24 15:17:39
84,32,가윤헤어살롱 본점,서울 서초구 서초대로28길 13 1층 (우)06664,화~일 11:00 ~ 21:00,02-522-2575,2,0,2023-05-24 15:17:39,2023-05-24 15:17:39
85,29,마사지미용실,서울 서초구 방배중앙로 166 (우)06557,hi,02-8328-4046,5,0,2023-05-24 15:17:39,2023-05-24 15:17:39
86,26,수연헤어샵,서울 동작구 동작대로27길 49 (우)07008,hi,02-4254-3889,1,0,2023-05-24 15:17:39,2023-05-24 15:17:39
87,30,라떼르헤어 내방역점,서울 서초구 서초대로 90 2층 (우)06673,hi,02-2055-1231,3,0,2023-05-24 15:17:39,2023-05-24 15:17:39
88,32,유민희헤어라인,서울 서초구 서초대로1길 23 2층 (우)06567,월~토 10:00 ~ 20:00,02-591-3906,2,0,2023-05-24 15:17:39,2023-05-24 15:17:39
89,33,헤나킹 이수센터,서울 동작구 동작대로29길 17 (우)07008,hi,02-3576-6773,4,0,2023-05-24 15:17:39,2023-05-24 15:17:39
90,31,제이제이헤어,서울 서초구 방배천로4안길 52 (우)06691,hi,02-4568-9312,5,0,2023-05-24 15:17:39,2023-05-24 15:17:39
91,29,헤어플러스,서울 동작구 동작대로17길 14-2 (우)07013,hi,02-1371-1952,1,0,2023-05-24 15:17:39,2023-05-24 15:17:39
92,28,노이즈헤어,서울 서초구 서초대로 132 1층 (우)06661,화요일,02-0244-4733,4,0,2023-05-24 15:17:39,2023-05-24 15:17:39
93,33,미소헤어샵 1호점,서울 서초구 도구로 75 (우)06678,hi,02-5204-8174,3,0,2023-05-24 15:17:39,2023-05-24 15:17:39
94,26,내멋대로헤어 이수사당점,서울 서초구 방배천로16길 18 (우)06677,hi,02-9110-4988,2,0,2023-05-24 15:17:39,2023-05-24 15:17:39
95,35,헤어뉴스,서울 동작구 동작대로9길 74 (우)07016,hi,02-8905-4679,5,0,2023-05-24 15:17:39,2023-05-24 15:17:39
96,32,헤어핀,서울 동작구 동작대로 101 (우)07008,hi,02-7561-3550,2,0,2023-05-24 15:17:39,2023-05-24 15:17:39
97,26,더파인드헤어,서울 서초구 동광로12가길 15 1층 (우)06568,hi,02-532-2823,2,0,2023-05-24 15:17:39,2023-05-24 15:17:39
98,27,규수방미용실,서울 서초구 도구로9길 32 (우)06678,hi,02-7482-1246,5,0,2023-05-24 15:17:39,2023-05-24 15:17:39
99,32,장은헤어,서울 동작구 사당로27길 16 (우)07007,hi,02-7671-4532,3,0,2023-05-24 15:17:39,2023-05-24 15:17:39
100,31,천연헤나염색,서울 서초구 서초대로1길 38 (우)06566,hi,02-3702-3673,5,0,2023-05-24 15:17:39,2023-05-24 15:17:39
101,31,자자헤어 방배점,서울 서초구 동광로 29 (우)06560,"첫째 토,일요일",02-3481-8006,4,0,2023-05-24 15:17:39,2023-05-24 15:17:39
102,28,베스트프렌드헤어살롱,서울 동작구 동작대로29길 17 (우)07008,hi,02-6187-2164,1,0,2023-05-24 15:17:39,2023-05-24 15:17:39
103,29,안나헤어,서울 서초구 방배로25길 12 1층 102호 (우)06572,월~토 10:00 ~ 20:00,02-532-1369,5,0,2023-05-24 15:17:39,2023-05-24 15:17:39
104,27,헤어키키,서울 동작구 동작대로25길 33 1층 (우)07008,화~토 11:00 ~ 20:30,010-5645-1103,3,0,2023-05-24 15:17:39,2023-05-24 15:17:39
105,30,헤어망고 방배점,서울 서초구 방배로 94-1 2층 (우)06665,hi,02-5862-0684,2,0,2023-05-24 15:17:39,2023-05-24 15:17:39
106,35,차영미헤어클리닉,서울 서초구 방배로25길 25-2 (우)06573,hi,02-4563-7308,3,0,2023-05-24 15:17:39,2023-05-24 15:17:39
107,31,라인샾,서울 동작구 동작대로33길 17 (우)06997,hi,02-6002-6014,4,0,2023-05-24 15:17:39,2023-05-24 15:17:39
108,28,한스헤어,서울 서초구 방배천로2안길 110 (우)06677,hi,02-0237-6715,1,0,2023-05-24 15:17:39,2023-05-24 15:17:39
109,33,라미헤어,서울 동작구 동작대로17길 14-1 (우)07013,hi,02-5898-0008,5,0,2023-05-24 15:17:39,2023-05-24 15:17:39
110,35,뷰티 YD BEAUTY,서울 서초구 방배천로16길 18 (우)06677,hi,02-2085-7046,5,0,2023-05-24 15:17:39,2023-05-24 15:17:39
111,31,코리아미용실,서울 서초구 방배천로16길 18 (우)06677,hi,02-4013-8820,5,0,2023-05-24 15:17:39,2023-05-24 15:17:39
112,31,S스타일헤어 본점,서울 서초구 방배중앙로 164 2층 (우)06557,월~토 10:30 ~ 20:00,02-592-0216,4,0,2023-05-24 15:17:39,2023-05-24 15:17:39
113,35,오피유 헤어 사당점,서울 동작구 동작대로3길 16 2층 (우)07015,매일 10:00 ~ 20:00,02-6397-8253,4,0,2023-05-24 15:17:39,2023-05-24 15:17:39
114,26,메씨헤어,서울 동작구 사당로30길 55 (우)07014,hi,02-1892-9736,5,0,2023-05-24 15:17:39,2023-05-24 15:17:39
115,26,김선영헤어,서울 서초구 방배로25길 22 (우)06572,hi,02-0797-8511,3,0,2023-05-24 15:17:39,2023-05-24 15:17:39
116,34,메르시모몽 방배점,서울 서초구 방배천로 5-1 우성타운 6층 (우)06693,월~목 11:00 ~ 20:30,02-875-9311,2,0,2023-05-24 15:17:39,2023-05-24 15:17:39
117,34,김현정헤어,서울 서초구 도구로 120-4 (우)06570,hi,02-7587-7740,4,0,2023-05-24 15:17:39,2023-05-24 15:17:39
118,27,리치헤어,서울 동작구 동작대로35사길 3-2 (우)06991,hi,02-2958-2230,1,0,2023-05-24 15:17:39,2023-05-24 15:17:39
119,34,살롱에이 방배역점,서울 서초구 방배로 90 농전빌딩 3층 (우)06665,매일 10:30 ~ 20:30,02-1049-5527,1,0,2023-05-24 15:17:39,2023-05-24 15:17:39
120,35,정원머리방,서울 서초구 방배중앙로13길 48-1 (우)06570,hi,02-7882-8615,5,0,2023-05-24 15:17:39,2023-05-24 15:17:39
121,28,루시헤어,서울 서초구 동광로 55 (우)06561,hi,02-0336-9195,5,0,2023-05-24 15:17:39,2023-05-24 15:17:39
122,26,소프레사헤어살롱,서울 서초구 방배천로18길 32 1층 (우)06677,월~토 10:00 ~ 20:00,02-525-4029,4,0,2023-05-24 15:17:39,2023-05-24 15:17:39
123,32,헤어365 사당점,서울 동작구 동작대로29길 91 (우)06999,hi,02-6585-6636,1,0,2023-05-24 15:17:39,2023-05-24 15:17:39
124,28,이진헤어 방배점,서울 서초구 방배로 83 (우)06686,hi,02-3198-5011,2,0,2023-05-24 15:17:39,2023-05-24 15:17:39
125,26,더비아헤어,서울 서초구 방배천로8길 36 1층 (우)06691,월요일,02-6403-0909,4,0,2023-05-24 15:17:39,2023-05-24 15:17:39
126,28,진헤어룩,서울 동작구 동작대로29다길 7-2 1층 (우)06997,hi,02-7582-4322,5,0,2023-05-24 15:17:39,2023-05-24 15:17:39
127,26,수연헤어,서울 동작구 동작대로33다길 12-4 (우)06996,hi,02-8192-0043,3,0,2023-05-24 15:17:39,2023-05-24 15:17:39
128,33,이쁜머리,서울 동작구 동작대로9길 26 (우)07014,hi,02-8164-4461,1,0,2023-05-24 15:17:39,2023-05-24 15:17:39
129,31,가위가머리를만날때,서울 서초구 청두곶길 30 (우)06690,hi,02-8472-8021,2,0,2023-05-24 15:17:39,2023-05-24 15:17:39
130,27,윤희헤어,서울 동작구 사당로18길 18 (우)07011,hi,02-9676-9141,1,0,2023-05-24 15:17:39,2023-05-24 15:17:39
131,28,엘르미장,서울 서초구 방배천로2안길 55 (우)06691,hi,02-7382-6745,4,0,2023-05-24 15:17:39,2023-05-24 15:17:39
132,27,이연희헤어샵,서울 서초구 방배중앙로 46 (우)06680,hi,02-6343-1245,2,0,2023-05-24 15:17:39,2023-05-24 15:17:39
133,26,브넬헤어 방배카페거리점,서울 서초구 방배중앙로29길 3 2층 (우)06554,hi,02-2954-9471,3,0,2023-05-24 15:17:39,2023-05-24 15:17:39
134,28,각시미용실,서울 서초구 동광로8길 1 (우)06565,hi,02-1058-2397,4,0,2023-05-24 15:17:39,2023-05-24 15:17:39
135,33,헤어짱,서울 서초구 방배중앙로21길 10 (우)06558,hi,02-4251-6574,1,0,2023-05-24 15:17:39,2023-05-24 15:17:39
136,28,다은헤어샵,서울 동작구 동작대로29길 110 신동아 상가 2층 (우)06998,hi,02-2863-2499,3,0,2023-05-24 15:17:39,2023-05-24 15:17:39
137,34,스페셜제이,서울 동작구 사당로 229 1층 (우)07004,hi,02-2534-2369,4,0,2023-05-24 15:17:39,2023-05-24 15:17:39
138,33,hairby가희 내방역점,서울 서초구 방배로 134 (우)06664,hi,02-9555-6098,2,0,2023-05-24 15:17:39,2023-05-24 15:17:39
139,30,소울헤어,서울 동작구 사당로29가길 9 (우)07007,hi,02-5204-2998,1,0,2023-05-24 15:17:39,2023-05-24 15:17:39
140,29,각시헤어,서울 서초구 동광로 18 (우)06565,hi,02-7198-8642,1,0,2023-05-24 15:17:39,2023-05-24 15:17:39
141,30,블랑코헤어,서울 동작구 남부순환로269길 24 (우)07016,hi,02-1948-7553,3,0,2023-05-24 15:17:39,2023-05-24 15:17:39
142,28,유민헤어,서울 동작구 사당로17길 87 (우)07003,hi,02-4456-9533,4,0,2023-05-24 15:17:39,2023-05-24 15:17:39
143,26,바람난여우미용실,서울 동작구 동작대로9길 9 (우)07015,매일 10:30 ~ 21:00,02-581-0888,4,0,2023-05-24 15:17:39,2023-05-24 15:17:39
144,34,더맨헤어,서울 동작구 사당로 283 (우)07006,hi,02-2658-1592,3,0,2023-05-24 15:17:39,2023-05-24 15:17:39
145,26,조이 헤어아트,서울 서초구 방배중앙로15길 36 (우)06564,hi,02-0536-9270,1,0,2023-05-24 15:17:39,2023-05-24 15:17:39
146,30,머리염색체험방 방배3호점,서울 서초구 방배중앙로15길 39 (우)06570,hi,02-5167-5679,1,0,2023-05-24 15:17:39,2023-05-24 15:17:39
147,31,헤어컴미용실,서울 동작구 동작대로31길 20 (우)06997,hi,02-9078-6644,4,0,2023-05-24 15:17:39,2023-05-24 15:17:39
148,31,김세아헤어샵,서울 서초구 방배로35길 37 (우)06561,hi,02-4976-7804,4,0,2023-05-24 15:17:39,2023-05-24 15:17:39
149,32,컨헤어살롱,서울 동작구 동작대로 121 9층 (우)07008,hi,010-8077-8256,5,0,2023-05-24 15:17:39,2023-05-24 15:17:39
150,27,뉴월드헤어,서울 동작구 사당로 284 (우)07013,hi,02-3741-2906,1,0,2023-05-24 15:17:39,2023-05-24 15:17:39
151,32,카일리헤어,서울 동작구 사당로14길 3 (우)07010,hi,02-0779-9679,4,0,2023-05-24 15:17:39,2023-05-24 15:17:39
152,34,살롱드101,서울 서초구 방배로31길 14 (우)06562,hi,02-9303-0928,4,0,2023-05-24 15:17:39,2023-05-24 15:17:39
153,30,씬헤어,서울 서초구 방배천로2안길 51 (우)06692,hi,02-1755-8162,1,0,2023-05-24 15:17:39,2023-05-24 15:17:39
154,34,스타일 랩 참 방배점,서울 서초구 동광로 65 방배빌딩 1층 (우)06561,월~토 10:30 ~ 20:30,02-6439-0422,1,0,2023-05-24 15:17:39,2023-05-24 15:17:39
155,29,느루헤어,서울 동작구 사당로28길 56 1층 느루헤어 (우)07015,월~토 10:00 ~ 22:00,02-8225-8241,4,0,2023-05-24 15:17:39,2023-05-24 15:17:39
156,27,수만헤어샵,서울 동작구 남부순환로271길 8 1층 2호 (우)07025,매일 00:00 ~ 24:00,010-8852-4982,5,0,2023-05-24 15:17:39,2023-05-24 15:17:39
157,30,낙향헤어샵,서울 동작구 사당로28길 48 (우)07015,hi,02-1611-1488,2,0,2023-05-24 15:17:39,2023-05-24 15:17:39
158,31,끼깍끼,서울 동작구 동작대로 151-8 (우)06996,hi,02-2454-6889,1,0,2023-05-24 15:17:39,2023-05-24 15:17:39
159,26,진헤어,서울 서초구 방배천로18길 20 (우)06677,hi,02-4084-5190,3,0,2023-05-24 15:17:39,2023-05-24 15:17:39
160,35,퀸즈헤나 방배점,서울 서초구 방배천로16길 18 (우)06677,hi,02-1628-1265,4,0,2023-05-24 15:17:39,2023-05-24 15:17:39
161,32,메이헤어살롱,서울 동작구 사당로17가길 1 (우)07004,hi,02-4113-0294,3,0,2023-05-24 15:17:39,2023-05-24 15:17:39
162,32,이현남헤어모드,서울 동작구 동작대로29나길 34 (우)06997,hi,02-8326-2365,5,0,2023-05-24 15:17:39,2023-05-24 15:17:39
163,30,살롱드모아,서울 동작구 동작대로 189 1층 101호 (우)06995,화~금 10:00 ~ 20:00,02-591-7677,4,0,2023-05-24 15:17:39,2023-05-24 15:17:39
164,30,수나헤어,서울 동작구 사당로22길 25 (우)07012,hi,02-4206-3013,1,0,2023-05-24 15:17:39,2023-05-24 15:17:39
165,29,외출준비미용실,서울 서초구 방배중앙로15길 16 (우)06564,hi,02-0647-6089,1,0,2023-05-24 15:17:39,2023-05-24 15:17:39
166,27,권보민헤어,서울 서초구 방배중앙로27길 5 (우)06555,hi,02-0894-6270,5,0,2023-05-24 15:17:39,2023-05-24 15:17:39
167,26,살롱정지영,서울 관악구 남현길 3 (우)08806,매일 10:00 ~ 20:30,02-3458-8644,5,0,2023-05-24 15:17:39,2023-05-24 15:17:39
168,27,러블리하우스 남성1호점,서울 동작구 사당로 192 (우)07009,hi,02-588-5336,3,0,2023-05-24 15:17:39,2023-05-24 15:17:39
169,35,헤어컷,서울 동작구 사당로30길 44 (우)07013,hi,02-0723-2279,3,0,2023-05-24 15:17:39,2023-05-24 15:17:39
170,30,라파헤어,서울 서초구 서초대로1길 19 (우)06567,hi,02-9301-3519,5,0,2023-05-24 15:17:39,2023-05-24 15:17:39
171,31,무지개,서울 동작구 동작대로7길 18-1 (우)07015,hi,02-5976-8833,4,0,2023-05-24 15:17:39,2023-05-24 15:17:39
172,35,카라미용실,서울 서초구 동광로3길 40 (우)06558,hi,02-7069-0097,3,0,2023-05-24 15:17:39,2023-05-24 15:17:39
173,27,수헤어샵,서울 동작구 사당로20길 18 (우)07011,hi,02-3627-2441,3,0,2023-05-24 15:17:39,2023-05-24 15:17:39
174,28,벗미장,서울 동작구 사당로22길 32 (우)07012,hi,02-8746-0718,5,0,2023-05-24 15:17:39,2023-05-24 15:17:39
175,35,자기연출,서울 서초구 동광로9길 15 (우)06560,hi,02-3813-0181,1,0,2023-05-24 15:17:39,2023-05-24 15:17:39
176,29,원하다헤어 이수역점,서울 동작구 사당로29길 1 (우)07006,hi,02-6834-3340,2,0,2023-05-24 15:17:39,2023-05-24 15:17:39
177,35,허밍미용실,서울 동작구 동작대로33다길 11 (우)06996,hi,02-7412-9647,4,0,2023-05-24 15:17:39,2023-05-24 15:17:39
178,29,주정란헤어써클,서울 동작구 동작대로9길 47 (우)07015,hi,02-6266-0126,5,0,2023-05-24 15:17:39,2023-05-24 15:17:39
179,35,머리염색체험방 이수점,서울 동작구 동작대로27길 49 (우)07008,hi,02-5774-1546,4,0,2023-05-24 15:17:39,2023-05-24 15:17:39
180,35,나쁜여자,서울 동작구 동작대로7길 87 (우)07024,hi,02-5853-6186,1,0,2023-05-24 15:17:39,2023-05-24 15:17:39
181,31,리안헤어 낙성대점,서울 관악구 봉천로 614-1 2층 (우)08793,매일 10:00 ~ 21:00,02-5925-5201,4,0,2023-05-24 15:17:39,2023-05-24 15:17:39
182,29,메이21,서울 서초구 효령로29길 23 102호 (우)06685,매일 10:00 ~ 21:00,02-7027-7931,5,0,2023-05-24 15:17:39,2023-05-24 15:17:39
183,26,아가다헤어,서울 동작구 사당로16길 40 (우)07018,hi,02-8009-7071,3,0,2023-05-24 15:17:39,2023-05-24 15:17:39
184,33,아미가,서울 서초구 서초대로25길 62 (우)06586,hi,02-1199-5266,2,0,2023-05-24 15:17:39,2023-05-24 15:17:39
185,32,나비효과 사당점,서울 동작구 동작대로29길 53 2층 (우)07008,hi,02-0300-6119,4,0,2023-05-24 15:17:39,2023-05-24 15:17:39
186,30,흑장미미용실,서울 서초구 효령로5길 26-5 (우)06690,hi,02-2136-3576,2,0,2023-05-24 15:17:39,2023-05-24 15:17:39
187,28,by민정,서울 서초구 효령로 89 (우)06687,hi,02-9085-7543,1,0,2023-05-24 15:17:39,2023-05-24 15:17:39
188,34,미니헤어,서울 동작구 동작대로29나길 39 (우)06997,hi,02-3813-8481,5,0,2023-05-24 15:17:39,2023-05-24 15:17:39
189,28,준헤어,서울 동작구 사당로17라길 12 (우)07004,hi,02-5825-3660,5,0,2023-05-24 15:17:39,2023-05-24 15:17:39
190,32,박선미용실,서울 서초구 방배로 199 (우)06562,hi,02-4353-4254,2,0,2023-05-24 15:17:39,2023-05-24 15:17:39
191,30,다온헤어,서울 동작구 사당로22길 32 (우)07012,hi,02-6652-8473,4,0,2023-05-24 15:17:39,2023-05-24 15:17:39
192,32,밸라붙임머리,서울 동작구 동작대로17길 20 (우)07013,hi,02-7683-1712,3,0,2023-05-24 15:17:39,2023-05-24 15:17:39
193,27,무코,서울 동작구 사당로8길 29 102호 (우)07019,"화,수,금,토,일 11:00 ~ 21:00",02-3962-4247,5,0,2023-05-24 15:17:39,2023-05-24 15:17:39
194,28,행복헤어,서울 동작구 동작대로29나길 30 (우)06997,hi,02-1568-3173,4,0,2023-05-24 15:17:39,2023-05-24 15:17:39
195,31,하비비헤어샵,서울 동작구 동작대로25길 60 (우)07008,hi,02-0122-1511,1,0,2023-05-24 15:17:39,2023-05-24 15:17:39
196,26,강현헤어,서울 서초구 방배중앙로 58 (우)06680,hi,02-8934-1842,4,0,2023-05-24 15:17:39,2023-05-24 15:17:39
197,32,천연헤나 샴푸로염색하세요 신타방배동점,서울 서초구 방배로 232 (우)06584,hi,02-5994-1835,5,0,2023-05-24 15:17:39,2023-05-24 15:17:39
198,29,현헤어,서울 서초구 동광로18길 25 (우)06562,hi,02-3240-5700,5,0,2023-05-24 15:17:39,2023-05-24 15:17:39
199,30,루아헤어,서울 서초구 동광로 75 (우)06584,hi,02-4334-7691,1,0,2023-05-24 15:17:39,2023-05-24 15:17:39
200,27,위스138,서울 서초구 동광로 113 (우)06584,hi,02-533-7575,3,0,2023-05-24 15:17:39,2023-05-24 15:17:39
201,32,원헤어살롱,서울 동작구 동작대로33가길 5 (우)06996,hi,02-1242-0016,5,0,2023-05-24 15:17:39,2023-05-24 15:17:39
202,30,에셀나무,서울 서초구 청두곶길 38-3 (우)06690,hi,02-9327-4892,1,0,2023-05-24 15:17:39,2023-05-24 15:17:39
203,32,에스뷰티샵,서울 동작구 동작대로7길 6 1층 (우)07015,hi,02-1213-3002,1,0,2023-05-24 15:17:39,2023-05-24 15:17:39
204,28,아마타헤어,서울 동작구 동작대로29길 29-4 (우)07008,hi,02-0968-9804,5,0,2023-05-24 15:17:39,2023-05-24 15:17:39
205,35,나래헤어갤러리,서울 동작구 사당로29가길 17 (우)07007,hi,02-9789-1697,3,0,2023-05-24 15:17:39,2023-05-24 15:17:39
206,31,리유헤어,서울 서초구 효령로33길 70 소정빌딩 1층 102호 (우)06665,화~일 10:00 ~ 20:00,010-4941-3233,2,0,2023-05-24 15:17:39,2023-05-24 15:17:39
207,34,하선정,서울 서초구 효령로29길 78 (우)06682,hi,02-5823-1511,3,0,2023-05-24 15:17:39,2023-05-24 15:17:39
208,27,헤어갤러리,서울 서초구 서초대로 115 (우)06588,hi,02-4338-0154,3,0,2023-05-24 15:17:39,2023-05-24 15:17:39
209,35,올리브미용실,서울 서초구 방배천로2안길 120 (우)06677,hi,02-7415-7007,3,0,2023-05-24 15:17:39,2023-05-24 15:17:39
210,35,안나미용실,서울 동작구 사당로20길 45 (우)07016,hi,02-8285-8637,1,0,2023-05-24 15:17:39,2023-05-24 15:17:39
211,31,나래미용실,서울 동작구 사당로29가길 52 (우)07008,hi,02-3382-8327,1,0,2023-05-24 15:17:39,2023-05-24 15:17:39
212,27,라움헤어,서울 동작구 사당로26길 67 (우)07014,hi,02-1399-1440,2,0,2023-05-24 15:17:39,2023-05-24 15:17:39
213,29,더나은미용실,서울 동작구 사당로27길 90 (우)07007,hi,02-2236-4347,5,0,2023-05-24 15:17:39,2023-05-24 15:17:39
214,35,제이원헤어,서울 동작구 동작대로35가길 1 1층 1호 (우)06996,hi,02-8530-1883,4,0,2023-05-24 15:17:39,2023-05-24 15:17:39
215,33,정홍섭열펌헤어,서울 서초구 서초대로25길 37 아이알빌딩 2층 (우)06586,수~일 10:00 ~ 19:30,010-8965-6348,2,0,2023-05-24 15:17:39,2023-05-24 15:17:39
216,29,이영주헤어,서울 동작구 사당로17가길 8 (우)07004,hi,02-3323-2417,4,0,2023-05-24 15:17:39,2023-05-24 15:17:39
217,30,W헤어 사당점,서울 동작구 사당로 206 2층 (우)07009,매일 10:00 ~ 21:00,02-587-7989,5,0,2023-05-24 15:17:39,2023-05-24 15:17:39
218,28,브로우 푸,서울 관악구 남부순환로 2054 (우)08805,hi,02-5832-4367,3,0,2023-05-24 15:17:39,2023-05-24 15:17:39
219,27,그림채헤어,서울 서초구 방배로27길 31 1층 (우)06572,hi,02-4519-3897,2,0,2023-05-24 15:17:39,2023-05-24 15:17:39
220,35,헤베니케,서울 동작구 사당로22길 15 (우)07012,hi,02-1378-7927,1,0,2023-05-24 15:17:39,2023-05-24 15:17:39
221,31,장은미용실,서울 동작구 사당로27길 19 (우)07006,hi,02-1208-8000,2,0,2023-05-24 15:17:39,2023-05-24 15:17:39
222,26,거리의멋쟁이,서울 동작구 동작대로13길 10 (우)07014,hi,02-1963-9630,3,0,2023-05-24 15:17:39,2023-05-24 15:17:39
223,30,참빗헤어 본점,서울 서초구 방배로33길 16 1층 (우)06562,hi,02-591-5060,3,0,2023-05-24 15:17:39,2023-05-24 15:17:39
224,29,나를위한,서울 서초구 효령로33길 35 1층 102호 (우)06665,화요일,010-3147-5727,3,0,2023-05-24 15:17:39,2023-05-24 15:17:39
225,31,다미헤어,서울 서초구 서초대로1길 34 (우)06566,hi,02-4968-4005,2,0,2023-05-24 15:17:39,2023-05-24 15:17:39
226,34,로얄살롱엠 방배점,서울 서초구 방배로13길 18 방배대림아크로타워 207호 (우)06683,매일 10:30 ~ 20:00,02-585-1226,3,0,2023-05-24 15:17:39,2023-05-24 15:17:39
227,34,듀바리미용실,서울 서초구 방배로27길 19-1 (우)06572,hi,02-8237-1314,4,0,2023-05-24 15:17:39,2023-05-24 15:17:39
228,28,로위 방배점,서울 서초구 효령로 120 3층 (우)06695,매일 10:30 ~ 21:00,02-9069-0502,2,0,2023-05-24 15:17:39,2023-05-24 15:17:39
229,35,러블리하우스 더룸 본점,서울 동작구 사당로 200 2층 (우)07009,hi,02-7255-5901,2,0,2023-05-24 15:17:39,2023-05-24 15:17:39
230,31,민헤어샵,서울 서초구 방배중앙로25길 37 105호 (우)06559,hi,02-0357-7204,2,0,2023-05-24 15:17:39,2023-05-24 15:17:39
231,33,미소헤어,서울 동작구 동작대로33길 29 (우)06997,hi,02-5069-0943,5,0,2023-05-24 15:17:39,2023-05-24 15:17:39
232,34,헤어미용실,서울 동작구 동작대로33길 29 (우)06997,hi,02-4032-5288,2,0,2023-05-24 15:17:39,2023-05-24 15:17:39
233,34,이시스헤어,서울 서초구 방배로15길 20 (우)06682,hi,02-6712-1017,3,0,2023-05-24 15:17:39,2023-05-24 15:17:39
234,30,살롱에이 방배역2호점,서울 서초구 방배로13길 7 2층 (우)06686,일 10:30 ~ 08:00,02-8409-2068,5,0,2023-05-24 15:17:39,2023-05-24 15:17:39
235,34,라인헤어,서울 동작구 동작대로33길 17 (우)06997,hi,02-9723-0905,2,0,2023-05-24 15:17:39,2023-05-24 15:17:39
236,30,헤어킹,서울 서초구 방배중앙로27길 12 (우)06554,hi,02-9325-8619,3,0,2023-05-24 15:17:39,2023-05-24 15:17:39
237,35,예쁠래,서울 동작구 동작대로33다길 9 1층 (우)06996,hi,02-1570-1872,3,0,2023-05-24 15:17:39,2023-05-24 15:17:39
238,31,감성헤어 방배점,서울 서초구 효령로31길 36 1층 (우)06686,hi,02-582-8039,4,0,2023-05-24 15:17:39,2023-05-24 15:17:39
239,33,머리나라,서울 동작구 사당로 252 (우)07012,hi,02-0026-6132,2,0,2023-05-24 15:17:39,2023-05-24 15:17:39
240,26,샾아이엔지 방배점,서울 서초구 방배중앙로 14 으뜸빌딩 101호 (우)06687,hi,02-522-5173,4,0,2023-05-24 15:17:39,2023-05-24 15:17:39
241,26,마샬,서울 동작구 동작대로39길 22 (우)06993,hi,02-6335-8578,3,0,2023-05-24 15:17:39,2023-05-24 15:17:39
242,30,씨에프헤어,서울 동작구 동작대로3길 35 (우)07025,hi,02-0135-4478,3,0,2023-05-24 15:17:39,2023-05-24 15:17:39
243,28,머리이야기,서울 동작구 동작대로35길 33 1층 (우)06996,hi,02-3320-6974,4,0,2023-05-24 15:17:39,2023-05-24 15:17:39
244,34,지니헤어라인,서울 동작구 동작대로3길 40 (우)07015,hi,02-1787-1178,3,0,2023-05-24 15:17:39,2023-05-24 15:17:39
245,33,라인헤어,서울 동작구 사당로16가길 42 (우)07010,hi,02-6054-9157,5,0,2023-05-24 15:17:39,2023-05-24 15:17:39
246,30,살롱드리베르떼,서울 서초구 효령로 22 101호 (우)06698,hi,02-3217-3832,2,0,2023-05-24 15:17:39,2023-05-24 15:17:39
247,28,환희헤어샵,서울 동작구 동작대로35가길 35 (우)06996,hi,02-1016-5968,1,0,2023-05-24 15:17:39,2023-05-24 15:17:39
248,32,민Je헤어 남성역,서울 동작구 사당로13길 6 2층 (우)07004,수요일,02-535-0403,4,0,2023-05-24 15:17:39,2023-05-24 15:17:39
249,30,토니앤가이 방배점,서울 서초구 방배중앙로 204 방배리첸시아 1층 (우)06552,매일 10:00 ~ 19:30,02-1655-4851,2,0,2023-05-24 15:17:39,2023-05-24 15:17:39
250,28,헤어캐슬,서울 서초구 동광로11길 109 (우)06554,hi,02-8261-6345,3,0,2023-05-24 15:17:39,2023-05-24 15:17:39
