res_seq,mem_seq,res_name,res_locate,res_phone,res_content,res_score,res_hit,res_wdate,res_update
0,12,신사펍 이수점,서울 동작구 동작대로 129 4층 (우)06997,02-3044-5008,월~금 17:00 ~ 24:00,3,0,2023-05-24 15:17:39,2023-05-24 15:17:39
1,12,삼육가 사당역1호점,서울 서초구 방배천로 10 1층 (우)06693,02-4625-3826,"매일 11:30 ~ 23:00
매일 휴게시간 15:00 ~ 17:00",2,0,2023-05-24 15:17:39,2023-05-24 15:17:39
2,13,이수통닭 본점,"서울 서초구 방배천로 92 세앙아르비체 102동 107,108호 (우)06675",02-581-8892,매일 15:00 ~ 23:00,3,0,2023-05-24 15:17:39,2023-05-24 15:17:39
3,12,낙성곱창,서울 동작구 동작대로19길 60 (우)07013,02-3474-5777,매일 14:00 ~ 00:00,5,0,2023-05-24 15:17:39,2023-05-24 15:17:39
4,14,그릴진,서울 동작구 동작대로27다길 31 세양그레이스빌 1층 101호 (우)07008,02-7716-1009,매일 16:30 ~ 01:00,5,0,2023-05-24 15:17:39,2023-05-24 15:17:39
5,19,남미플랜트랩,서울 서초구 방배천로4안길 55 2층 (우)06677,02-8560-0347,"매일 12:00 ~ 21:00
월~금 휴게시간 16:00 ~ 17:30",2,0,2023-05-24 15:17:39,2023-05-24 15:17:39
6,2,리에또,서울 서초구 방배천로4안길 20 2층 (우)06692,02-581-5291,"매일 11:00 ~ 21:20
월~금 휴게시간 15:00 ~ 17:00",3,0,2023-05-24 15:17:39,2023-05-24 15:17:39
7,20,디피스트,서울 동작구 동작대로27길 31 2층 (우)07008,02-7006-5580,"월,화,수,금,토,일 11:00 ~ 23:00",2,0,2023-05-24 15:17:39,2023-05-24 15:17:39
8,18,청와옥 사당직영점,서울 동작구 동작대로 71 1층 (우)07013,02-588-0885,매일 08:00 ~ 22:00,3,0,2023-05-24 15:17:39,2023-05-24 15:17:39
9,4,올라아보 이수본점,서울 동작구 사당로 300 이수자이 1층 116호 (우)07013,02-6532-5902,"월~금 11:30 ~ 22:00
월~금 휴게시간 15:00 ~ 17:00",3,0,2023-05-24 15:17:39,2023-05-24 15:17:39
10,13,단아한정식,서울 동작구 동작대로27가길 44 2층 (우)07008,02-9035-7798,매일 11:30 ~ 22:00,4,0,2023-05-24 15:17:39,2023-05-24 15:17:39
11,2,개화,서울 서초구 동작대로 86 동주빌딩 지하 1층 (우)06675,02-2208-4009,매일 11:00 ~ 22:00,1,0,2023-05-24 15:17:39,2023-05-24 15:17:39
12,3,초동집 본점,서울 서초구 방배천로 22 (우)06692,02-8818-9655,매일 11:00 ~ 22:00,2,0,2023-05-24 15:17:39,2023-05-24 15:17:39
13,8,바른식 시골보쌈&감자옹심이 사당역별관점,서울 서초구 방배천로 12 (우)06693,02-5726-0364,매일 11:30 ~ 23:00,2,0,2023-05-24 15:17:39,2023-05-24 15:17:39
14,11,원조쯔왕돈까스,"서울 동작구 동작대로23길 33 1,2층 (우)07013",02-3972-8114,"매일 11:00 ~ 21:30
매일 휴게시간 15:30 ~ 17:00",5,0,2023-05-24 15:17:39,2023-05-24 15:17:39
15,9,리틀크레이지피자,서울 동작구 동작대로27길 9 2층 (우)07008,02-0873-5792,화요일,4,0,2023-05-24 15:17:39,2023-05-24 15:17:39
16,1,유정우함흥냉면,서울 동작구 동작대로29다길 7-1 (우)06997,02-3478-0105,매일 11:00 ~ 20:20,1,0,2023-05-24 15:17:39,2023-05-24 15:17:39
17,2,초와밥,서울 동작구 동작대로5길 8 (우)07015,02-9322-8210,"월~토 11:30 ~ 22:30
월~금 휴게시간 14:30 ~ 16:30",5,0,2023-05-24 15:17:39,2023-05-24 15:17:39
18,11,강고집 사당본점,서울 서초구 방배천로4안길 6 1층 (우)06692,02-6489-9589,월~금 16:30 ~ 23:00,4,0,2023-05-24 15:17:39,2023-05-24 15:17:39
19,19,도너츠윤 방배점,서울 서초구 동광로12가길 12 1층 (우)06567,02-2096-9501,매일 11:00 ~ 18:00,3,0,2023-05-24 15:17:39,2023-05-24 15:17:39
20,7,농부쌈밥,서울 동작구 사당로30길 19 (우)07013,02-521-8005,월~토 11:00 ~ 21:30,5,0,2023-05-24 15:17:39,2023-05-24 15:17:39
21,5,정작가의막걸리집,서울 동작구 동작대로33가길 5 1층 3호 (우)06996,02-5785-6359,월~금 17:00 ~ 01:00,3,0,2023-05-24 15:17:39,2023-05-24 15:17:39
22,7,갈비연구소,서울 동작구 동작대로23길 10 1층 (우)07013,02-6012-0101,월~토 16:30 ~ 22:00,4,0,2023-05-24 15:17:39,2023-05-24 15:17:39
23,19,요란한부엌,서울 동작구 사당로30길 126 1층 (우)07015,02-582-6011,월~금 17:00 ~ 01:00,1,0,2023-05-24 15:17:39,2023-05-24 15:17:39
24,20,부엌쟁이,서울 동작구 동작대로23길 31 (우)07013,02-6205-3340,"매일 11:30 ~ 22:00
매일 휴게시간 15:00 ~ 17:00",2,0,2023-05-24 15:17:39,2023-05-24 15:17:39
25,5,남궁야,서울 서초구 방배천로4안길 10 (우)06692,02-581-9252,월~금 12:00 ~ 22:30,2,0,2023-05-24 15:17:39,2023-05-24 15:17:39
26,14,어사출또 이수역점,서울 동작구 동작대로27나길 21 1층 (우)07008,02-533-5475,"월,화,수,목,일 12:00 ~ 02:00",3,0,2023-05-24 15:17:39,2023-05-24 15:17:39
27,8,태양커피,서울 서초구 서초대로25길 55 1층 (우)06586,02-0151-8588,월~금 09:00 ~ 21:00,5,0,2023-05-24 15:17:39,2023-05-24 15:17:39
28,18,월량,서울 서초구 서초대로 28 장현빌딩 1층 (우)06675,02-0335-7312,"화~금 11:30 ~ 21:00
화~일 휴게시간 14:30 ~ 17:00",5,0,2023-05-24 15:17:39,2023-05-24 15:17:39
29,18,조가네갑오징어 사당점,서울 동작구 남부순환로271길 24 (우)07025,02-7839-0374,매일 10:00 ~ 22:00,5,0,2023-05-24 15:17:39,2023-05-24 15:17:39
30,16,가마솥손두부,서울 동작구 남부순환로271길 20 (우)07025,02-3472-2202,월~금 11:20 ~ 22:00,3,0,2023-05-24 15:17:39,2023-05-24 15:17:39
31,14,쟝블랑제리,"서울 동작구 동작대로23길 8 1, 2층 (우)07013",02-2641-0096,매일 10:00 ~ 21:00,1,0,2023-05-24 15:17:39,2023-05-24 15:17:39
32,20,페니힐스,"서울 동작구 동작대로1길 10-14 1,2층 (우)07025",02-2732-5205,매일 12:00 ~ 21:00 (3층 운영시간 - 13:00~21:00),3,0,2023-05-24 15:17:39,2023-05-24 15:17:39
33,6,스타벅스 이수역점,서울 서초구 동작대로 112 한신 휴플러스 1층 (우)06568,02-7216-2584,화~금 07:30 ~ 22:00,2,0,2023-05-24 15:17:39,2023-05-24 15:17:39
34,10,주,서울 서초구 동광로19길 16 (우)06561,02-3482-3374,"화~금 11:30 ~ 22:00
화~금 휴게시간 15:00 ~ 17:00",4,0,2023-05-24 15:17:39,2023-05-24 15:17:39
35,14,정담은,서울 서초구 방배천로2길 15 (우)06693,02-9070-4681,월~토 11:30 ~ 22:00,2,0,2023-05-24 15:17:39,2023-05-24 15:17:39
36,16,도쿄빙수 이수점,"서울 동작구 동작대로27길 38 1층 103,104호 (우)07008",02-5591-2431,매일 12:00 ~ 22:00,5,0,2023-05-24 15:17:39,2023-05-24 15:17:39
37,16,방배양곱창,서울 동작구 동작대로23길 27 (우)07013,02-6406-0079,월~금 16:00 ~ 24:00,1,0,2023-05-24 15:17:39,2023-05-24 15:17:39
38,20,속초어시장 방배점,서울 서초구 방배천로2길 7 1층 (우)06693,02-523-0511,월~토 11:30 ~ 05:00,3,0,2023-05-24 15:17:39,2023-05-24 15:17:39
39,16,구름떡,서울 서초구 방배로33길 21 1층 (우)06562,02-8269-2251,월~토 08:00 ~ 23:00,1,0,2023-05-24 15:17:39,2023-05-24 15:17:39
40,18,이수샤브샤브,서울 동작구 동작대로29길 8 2층 (우)06997,02-536-3253,매일 11:00 ~ 24:00,2,0,2023-05-24 15:17:39,2023-05-24 15:17:39
41,16,바다해물포차,서울 서초구 서초대로 20 1층 (우)06675,02-599-0435,월~토 16:30 ~ 01:00,4,0,2023-05-24 15:17:39,2023-05-24 15:17:39
42,1,도어이스케이프 이수역점,서울 동작구 동작대로27가길 14 3층 (우)07008,02-7935-3483,hi,3,0,2023-05-24 15:17:39,2023-05-24 15:17:39
43,12,다피타시그니처,서울 서초구 서초대로 3-4 방배디오슈페리움1 1층 106호 (우)06568,02-9782-1179,매일 11:30 ~ 22:00,2,0,2023-05-24 15:17:39,2023-05-24 15:17:39
44,20,양양메밀막국수,서울 서초구 동광로15길 10 (우)06561,02-3275-9329,"매일 11:00 ~ 21:00
매일 휴게시간 15:00 ~ 17:00",3,0,2023-05-24 15:17:39,2023-05-24 15:17:39
45,20,수향가 사당직영점,서울 서초구 남부순환로 2121-3 (우)06693,02-523-8799,월~금 15:00 ~ 01:00,3,0,2023-05-24 15:17:39,2023-05-24 15:17:39
46,16,규스홈 레스토랑,서울 서초구 방배천로 62 1층 (우)06677,02-1726-1774,"월~금 12:00 ~ 22:00 (사전연락시 22:00 이후에도 연장영업)
매일 휴게시간 15:00 ~ 17:00",2,0,2023-05-24 15:17:39,2023-05-24 15:17:39
47,15,이수곱창,서울 동작구 동작대로27가길 6-4 1층 (우)07008,02-593-1101,매일 15:30 ~ 24:00,4,0,2023-05-24 15:17:39,2023-05-24 15:17:39
48,12,37.5 동작이수점,서울 동작구 동작대로27가길 23 이오빌딩 2층 (우)07008,02-595-3705,"매일 09:50 ~ 20:50
월,화,수,목,금,일 휴게시간 15:50 ~ 17:00",2,0,2023-05-24 15:17:39,2023-05-24 15:17:39
49,11,마왕족발 이수역점,서울 동작구 동작대로25길 43 (우)07008,02-1303-4181,매일 17:00 ~ 02:00,1,0,2023-05-24 15:17:39,2023-05-24 15:17:39
50,14,원조부안집 이수점,서울 동작구 동작대로27가길 39 1층 (우)07008,02-3675-1089,월~금 16:00 ~ 23:30,4,0,2023-05-24 15:17:39,2023-05-24 15:17:39
51,20,샤브리샤브샤브,서울 서초구 방배천로2길 21 성현빌딩 3층 (우)06693,02-4745-6395,매일 11:00 ~ 22:00,3,0,2023-05-24 15:17:39,2023-05-24 15:17:39
52,3,정원에프엔비,서울 동작구 사당로28길 5 1층 (우)07013,02-522-0425,"매일 11:00 ~ 21:00
매일 휴게시간 16:00 ~ 17:00",1,0,2023-05-24 15:17:39,2023-05-24 15:17:39
53,13,여진족,"서울 서초구 방배천로4안길 12 지하1층,1층 (우)06692",02-8018-4805,월~토 16:00 ~ 23:00,3,0,2023-05-24 15:17:39,2023-05-24 15:17:39
54,6,머치커피,서울 동작구 동작대로9길 43 1층 (우)07015,02-5646-9225,매일 11:00 ~ 21:00,4,0,2023-05-24 15:17:39,2023-05-24 15:17:39
55,17,태양커피 사당점,서울 서초구 방배천로 32 송암빌딩 1층 (우)06691,02-4356-5277,월~금 09:00 ~ 21:00,5,0,2023-05-24 15:17:39,2023-05-24 15:17:39
56,13,파니모들,서울 동작구 동작대로 153 1층 (우)06996,02-2114-2954,"월,화,목,금 09:00 ~ 22:30",3,0,2023-05-24 15:17:39,2023-05-24 15:17:39
57,16,김재운초밥사랑 이수점,서울 동작구 동작대로 69 1층 (우)07014,02-3580-4547,매일 11:30 ~ 23:00,4,0,2023-05-24 15:17:39,2023-05-24 15:17:39
58,18,대구형제막창 방배점,서울 서초구 서초대로 22 (우)06675,02-3474-1219,매일 17:00 ~ 02:00,3,0,2023-05-24 15:17:39,2023-05-24 15:17:39
59,6,남성집,서울 동작구 동작대로 127 지하1층 (우)07008,02-599-1175,매일 10:00 ~ 23:30,3,0,2023-05-24 15:17:39,2023-05-24 15:17:39
60,15,남해안활어,서울 동작구 사당로30길 157 (우)07025,02-522-2069,매일 11:00 ~ 01:00,1,0,2023-05-24 15:17:39,2023-05-24 15:17:39
61,19,이태리양조장,서울 동작구 동작대로27가길 26 2층 (우)07008,02-535-2208,매일 17:00 ~ 03:00,1,0,2023-05-24 15:17:39,2023-05-24 15:17:39
62,10,수연숯불갈비,서울 동작구 동작대로27다길 5 1층 (우)07008,02-537-6212,매일 10:00 ~ 02:30,4,0,2023-05-24 15:17:39,2023-05-24 15:17:39
63,16,김부삼 사당역점,서울 서초구 방배천로4길 20 1~3층 (우)06693,02-585-9493,월~금 16:00 ~ 24:00,1,0,2023-05-24 15:17:39,2023-05-24 15:17:39
64,12,본때 이수점,"서울 동작구 동작대로27다길 29 1층 103,104호 (우)07008",02-533-0810,매일 11:00 ~ 05:00,1,0,2023-05-24 15:17:39,2023-05-24 15:17:39
65,3,구뜰집,서울 서초구 서초대로23길 14 1층 (우)06573,02-0665-1525,일요일,3,0,2023-05-24 15:17:39,2023-05-24 15:17:39
66,14,홍미단 방배본점,서울 서초구 효령로31길 94 (우)06682,02-8403-2291,매일 11:00 ~ 21:30,4,0,2023-05-24 15:17:39,2023-05-24 15:17:39
67,6,장미맨숀 이수점,서울 동작구 동작대로23길 15 1층 (우)07013,02-583-0314,매일 17:00 ~ 02:00,3,0,2023-05-24 15:17:39,2023-05-24 15:17:39
68,2,순대만드는집,서울 서초구 방배천로8길 6-2 (우)06691,02-597-1989,매일 11:30 ~ 22:00,3,0,2023-05-24 15:17:39,2023-05-24 15:17:39
69,14,이고집쭈꾸미 이수점,서울 동작구 동작대로27다길 2 1층 (우)07008,02-592-9222,매일 11:00 ~ 23:30,2,0,2023-05-24 15:17:39,2023-05-24 15:17:39
70,1,고놈들,서울 동작구 동작대로27나길 20 1층 (우)07008,02-3476-8333,월~토 17:00 ~ 02:00,4,0,2023-05-24 15:17:39,2023-05-24 15:17:39
71,6,미소네,서울 동작구 동작대로7길 32 1층 (우)07015,02-8032-8324,hi,3,0,2023-05-24 15:17:39,2023-05-24 15:17:39
72,14,한울갈비,서울 동작구 동작대로1길 9 1층 (우)07025,02-583-4118,매일 10:30 ~ 23:00,3,0,2023-05-24 15:17:39,2023-05-24 15:17:39
73,20,시스트로,서울 서초구 방배천로24길 25 시현빌 1층 101호 (우)06675,02-587-1230,hi,5,0,2023-05-24 15:17:39,2023-05-24 15:17:39
74,11,오다가다,서울 동작구 동작대로35길 10 1층 (우)06995,02-5622-5016,화~토 12:30 ~ 21:30,4,0,2023-05-24 15:17:39,2023-05-24 15:17:39
75,8,쿠킨스테이크 이수점,서울 동작구 동작대로27다길 44 2층  (우)07008,02-5885-9865,매일 11:30 ~ 21:30,4,0,2023-05-24 15:17:39,2023-05-24 15:17:39
76,2,남도술상,서울 서초구 방배천로 12-11 지하1층 (우)06693,02-598-8040,매일 16:00 ~ 22:00 (사전예약 시 오픈 가능),1,0,2023-05-24 15:17:39,2023-05-24 15:17:39
77,13,용범이네인계동껍데기,서울 동작구 동작대로25길 22 (우)07008,02-5121-5531,매일 17:00 ~ 05:00,4,0,2023-05-24 15:17:39,2023-05-24 15:17:39
78,2,교대이층집 사당점,서울 서초구 방배천로 12-9 2층 (우)06693,02-0083-7189,매일 11:30 ~ 22:30,1,0,2023-05-24 15:17:39,2023-05-24 15:17:39
79,2,올리브에비뉴,서울 서초구 방배천로 11 파스텔시티 6층 (우)06693,02-8983-9838,매일 11:30 ~ 22:30,3,0,2023-05-24 15:17:39,2023-05-24 15:17:39
80,9,왕금성 이수역점,서울 서초구 서초대로 3-4 디오슈페리움 1차 203호 (우)06568,02-2055-8517,매일 11:30 ~ 21:30,4,0,2023-05-24 15:17:39,2023-05-24 15:17:39
81,14,해이케이크샵,서울 서초구 방배천로2안길 69 1층 103호 (우)06691,02-2605-1139,"월,화,수요일",3,0,2023-05-24 15:17:39,2023-05-24 15:17:39
82,14,놀란돼지 이수점,서울 동작구 동작대로17길 6 1층 (우)07013,02-3882-4541,hi,1,0,2023-05-24 15:17:39,2023-05-24 15:17:39
83,5,크래프트한스 이수점,서울 동작구 동작대로27길 42 (우)07008,02-1137-7279,매일 17:00 ~ 02:00,1,0,2023-05-24 15:17:39,2023-05-24 15:17:39
84,19,제줏간 이수점,서울 동작구 동작대로27길 22 1층 (우)07008,02-0312-3438,월~금 15:00 ~ 00:00,1,0,2023-05-24 15:17:39,2023-05-24 15:17:39
85,14,역전할머니맥주 이수역점,서울 동작구 동작대로27다길 26 1층 (우)07008,02-6252-5358,매일 17:00 ~ 04:00,4,0,2023-05-24 15:17:39,2023-05-24 15:17:39
86,5,조개창고 방배점,서울 서초구 방배로 147 내방빌딩 3층 (우)06672,02-6638-6233,월~금 17:00 ~ 23:00,1,0,2023-05-24 15:17:39,2023-05-24 15:17:39
87,6,모소리 사당점,서울 동작구 사당로 243-5 1층 (우)07005,02-2216-1011,매일 17:00 ~ 23:30,2,0,2023-05-24 15:17:39,2023-05-24 15:17:39
88,10,코다차야 사당점,서울 서초구 방배천로2길 7 지하1층 (우)06693,02-3508-8155,매일 17:00 ~ 24:00,3,0,2023-05-24 15:17:39,2023-05-24 15:17:39
89,6,낯선한식븟다,서울 동작구 사당로30길 28 1층 (우)07013,02-1631-4163,"화~금 11:40 ~ 22:00
화~금 휴게시간 14:00 ~ 15:30",1,0,2023-05-24 15:17:39,2023-05-24 15:17:39
90,3,엔제리너스 이수역점,서울 동작구 동작대로25길 16 (우)07008,02-9616-1741,매일 00:00 ~ 24:00,3,0,2023-05-24 15:17:39,2023-05-24 15:17:39
91,14,천하무족,서울 동작구 동작대로7길 74 1층 (우)07025,02-595-3308,월~금 14:00 ~ 23:00,5,0,2023-05-24 15:17:39,2023-05-24 15:17:39
92,6,통영해물보쌈,서울 서초구 방배천로4길 26 (우)06693,02-3516-6191,매일 11:00 ~ 24:00,2,0,2023-05-24 15:17:39,2023-05-24 15:17:39
93,14,돈키,서울 서초구 방배천로18길 10 (우)06677,02-599-2747,매일 11:30 ~ 20:30,2,0,2023-05-24 15:17:39,2023-05-24 15:17:39
94,17,카페오쎄,"서울 서초구 방배천로4안길 32 1,2층 (우)06691",02-7011-7978,매일 10:00 ~ 23:00,1,0,2023-05-24 15:17:39,2023-05-24 15:17:39
95,20,쇼보 이수점,서울 동작구 동작대로25길 32 2층 (우)07008,02-1870-5666,hi,2,0,2023-05-24 15:17:39,2023-05-24 15:17:39
96,18,땡초우동인포차 이수본점,서울 동작구 동작대로27다길 37 (우)07008,02-1705-9910,월~금 18:00 ~ 04:00,3,0,2023-05-24 15:17:39,2023-05-24 15:17:39
97,8,요코쵸,서울 동작구 사당로30길 100 (우)07015,02-523-8222,월~목 17:00 ~ 24:00,4,0,2023-05-24 15:17:39,2023-05-24 15:17:39
98,8,군산 은모래해물탕아구찜 본점,서울 서초구 방배천로4길 8 (우)06693,02-6989-6889,매일 11:00 ~ 24:00,3,0,2023-05-24 15:17:39,2023-05-24 15:17:39
99,8,언니가 숨겨놓은 과자상자,서울 서초구 방배천로8길 36 1층 (우)06691,02-7038-9528,매일 11:00 ~ 20:00,1,0,2023-05-24 15:17:39,2023-05-24 15:17:39
100,12,호시라멘,서울 서초구 방배천로2안길 39 1층 (우)06692,02-9706-4422,"화~금 11:30 ~ 20:30
화,수,목,금,일 휴게시간 15:00 ~ 17:00",3,0,2023-05-24 15:17:39,2023-05-24 15:17:39
101,10,루키더셰프,서울 서초구 방배천로16길 18 (우)06677,02-5995-8205,화요일,4,0,2023-05-24 15:17:39,2023-05-24 15:17:39
102,8,영풍치킨 사당본점,서울 동작구 동작대로27가길 6 (우)07008,02-534-2009,매일 13:00 ~ 24:00,5,0,2023-05-24 15:17:39,2023-05-24 15:17:39
103,9,통영바다풍경 방배1호점,서울 서초구 방배천로4안길 55 1층 (우)06677,02-5432-7073,매일 11:30 ~ 22:00,4,0,2023-05-24 15:17:39,2023-05-24 15:17:39
104,2,송이하랑,서울 서초구 서초대로 21 (우)06569,02-9047-4022,매일 11:00 ~ 22:00,2,0,2023-05-24 15:17:39,2023-05-24 15:17:39
105,1,맛찬들왕소금구이 이수점,서울 동작구 동작대로27길 16-4 1층 (우)07008,02-1307-9459,화~토 11:30 ~ 22:00,4,0,2023-05-24 15:17:39,2023-05-24 15:17:39
106,6,무삥과팟타이,서울 동작구 동작대로27다길 20 2층 (우)07008,02-887-9595,화~일 11:00 ~ 22:00,1,0,2023-05-24 15:17:39,2023-05-24 15:17:39
107,3,호시,서울 서초구 서초대로1길 19-6 1층 (우)06567,02-534-9716,"월~토 11:30 ~ 21:30
월~토 휴게시간 15:00 ~ 17:00",3,0,2023-05-24 15:17:39,2023-05-24 15:17:39
108,4,스시코에,서울 서초구 서초대로 17 (우)06569,02-3556-5725,월~토 18:00 ~ 22:00,3,0,2023-05-24 15:17:39,2023-05-24 15:17:39
109,5,오늘와인한잔 이수점,서울 동작구 동작대로27다길 29 서광시티뷰 1층 101호 (우)07008,02-7190-8275,월~목 16:00 ~ 02:00,5,0,2023-05-24 15:17:39,2023-05-24 15:17:39
110,11,스시세이,서울 동작구 동작대로13길 10 A동 1층 (우)07014,02-525-2466,"월~금 11:00 ~ 21:00
월~토 휴게시간 14:30 ~ 17:00",4,0,2023-05-24 15:17:39,2023-05-24 15:17:39
111,15,정원조닭한마리 본점,서울 동작구 동작대로27다길 11 (우)07008,02-3478-2480,매일 11:00 ~ 03:00,4,0,2023-05-24 15:17:39,2023-05-24 15:17:39
112,17,24시비사벌 전주콩나물국밥,서울 서초구 동광로10길 2 (우)06565,02-533-5085,매일 07:00 ~ 22:00,2,0,2023-05-24 15:17:39,2023-05-24 15:17:39
113,5,팔각도 이수역점,서울 동작구 동작대로27다길 12 1층 (우)07008,02-3236-3111,"월,화,수,목,일 12:00 ~ 22:00",4,0,2023-05-24 15:17:39,2023-05-24 15:17:39
114,4,카페페라 유니크점,서울 서초구 방배천로 11 1층 (우)06693,02-522-2582,월~토 08:30 ~ 22:00,5,0,2023-05-24 15:17:39,2023-05-24 15:17:39
115,18,서호김밥 본점,서울 서초구 방배중앙로 141-1 (우)06560,02-594-4434,"화~일 10:00 ~ 20:00
화~일 휴게시간 14:00 ~ 16:30",4,0,2023-05-24 15:17:39,2023-05-24 15:17:39
116,18,도쿄하나 사당점,서울 서초구 방배천로 11 파스텔 시티 3층 (우)06693,02-9552-4833,매일 11:00 ~ 22:00,1,0,2023-05-24 15:17:39,2023-05-24 15:17:39
117,2,곽반장,서울 동작구 동작대로27가길 45 (우)07008,02-535-0257,매일 11:00 ~ 22:00,5,0,2023-05-24 15:17:39,2023-05-24 15:17:39
118,18,소라노호시,서울 동작구 동작대로27길 16-5 1층 (우)07008,02-1363-3582,월~금 17:00 ~ 23:50,4,0,2023-05-24 15:17:39,2023-05-24 15:17:39
119,10,깔리 사당점,서울 서초구 방배천로 21 동화빌딩 4층 (우)06692,02-7424-0135,매일 11:30 ~ 22:00,3,0,2023-05-24 15:17:39,2023-05-24 15:17:39
120,4,외양간,서울 동작구 동작대로11길 16 1층 (우)07014,02-598-8222,월~토 15:00 ~ 24:00,5,0,2023-05-24 15:17:39,2023-05-24 15:17:39
121,10,여정막걸리,서울 동작구 동작대로3길 10 (우)07015,02-585-0515,매일 16:00 ~ 24:00,5,0,2023-05-24 15:17:39,2023-05-24 15:17:39
122,16,복돈이부추삼겹살 사당본점,서울 관악구 남현1길 68-14 남현빌딩 1층 (우)08807,02-582-5124,매일 12:00 ~ 23:00,3,0,2023-05-24 15:17:39,2023-05-24 15:17:39
123,18,스타벅스 이수자이점,서울 동작구 사당로 300 (우)07013,02-9291-1525,화~금 07:00 ~ 22:00,2,0,2023-05-24 15:17:39,2023-05-24 15:17:39
124,16,로코민트,서울 서초구 방배천로2안길 48 1층 (우)06692,02-6043-7069,"월~토 11:30 ~ 21:00
월~금 휴게시간 14:30 ~ 17:00",3,0,2023-05-24 15:17:39,2023-05-24 15:17:39
125,9,황토가마솥설렁탕,서울 동작구 동작대로29가길 8 (우)06997,02-1290-2107,hi,4,0,2023-05-24 15:17:39,2023-05-24 15:17:39
126,17,작은피자집,서울 동작구 사당로30길 96 (우)07015,02-597-1987,월~금 17:00 ~ 24:00,1,0,2023-05-24 15:17:39,2023-05-24 15:17:39
127,10,차이797 블랙 서래마을점,"서울 서초구 동광로 78 방배빌딩 1,2층 (우)06585",02-6712-9937,"월~금 11:30 ~ 22:00
월~금 휴게시간 15:00 ~ 17:30",1,0,2023-05-24 15:17:39,2023-05-24 15:17:39
128,16,산쪼메 이수점,서울 동작구 사당로 300 이수자이 지하2층 B202호 (우)07013,02-7459-2852,매일 11:30 ~ 21:00,4,0,2023-05-24 15:17:39,2023-05-24 15:17:39
129,14,선화의고기 방배본점,서울 서초구 서초대로24길 9 1층 (우)06672,02-3486-5505,"매일 10:30 ~ 22:30
월~토 휴게시간 15:00 ~ 17:00",1,0,2023-05-24 15:17:39,2023-05-24 15:17:39
130,1,영일만,서울 동작구 남부순환로271길 27 (우)07025,02-522-4080,매일 12:00 ~ 22:00,4,0,2023-05-24 15:17:39,2023-05-24 15:17:39
131,16,참숯고깃골,서울 서초구 방배천로8길 5 (우)06677,02-598-2958,매일 10:00 ~ 22:00,4,0,2023-05-24 15:17:39,2023-05-24 15:17:39
132,20,박은자맛사랑,서울 서초구 방배천로2안길 7 2층 (우)06693,02-525-8588,매일 10:30 ~ 22:00,1,0,2023-05-24 15:17:39,2023-05-24 15:17:39
133,7,명동칼국수,서울 서초구 방배천로 12 (우)06693,02-582-8789,매일 11:30 ~ 23:30,5,0,2023-05-24 15:17:39,2023-05-24 15:17:39
134,19,사당양꼬치,서울 동작구 사당로30길 163 (우)07025,02-588-8188,매일 12:00 ~ 01:00,3,0,2023-05-24 15:17:39,2023-05-24 15:17:39
135,18,거북이,서울 서초구 방배천로4안길 48 1층 (우)06691,02-1543-4566,매일 12:00 ~ 22:00,5,0,2023-05-24 15:17:39,2023-05-24 15:17:39
136,5,럭키갈비찜,서울 동작구 사당로29길 2 1층 (우)07008,02-4172-1746,매일 12:00 ~ 23:00,3,0,2023-05-24 15:17:39,2023-05-24 15:17:39
137,6,리프레셔스,서울 서초구 청두곶6길 8 1층 (우)06690,02-6072-2872,화~일 10:00 ~ 21:00,5,0,2023-05-24 15:17:39,2023-05-24 15:17:39
138,13,미스피츠,서울 동작구 동작대로3길 30 1층 (우)07015,02-3794-5079,"월~금 11:30 ~ 22:00
월~금 휴게시간 14:00 ~ 17:00",1,0,2023-05-24 15:17:39,2023-05-24 15:17:39
139,16,스타벅스 사당역점,서울 동작구 동작대로 21 양지빌딩 1~3층 (우)07015,02-7212-6340,화~금 07:00 ~ 23:00,3,0,2023-05-24 15:17:39,2023-05-24 15:17:39
140,5,경성상회 방배점,서울 서초구 방배천로 12-3 (우)06693,02-7907-5013,매일 16:30 ~ 04:30,4,0,2023-05-24 15:17:39,2023-05-24 15:17:39
141,10,지금보고싶다 이수점,서울 동작구 동작대로27가길 26 (우)07008,02-3440-8176,매일 17:00 ~ 07:00,4,0,2023-05-24 15:17:39,2023-05-24 15:17:39
142,2,바르미샤브샤브n칼국수 사당점,서울 서초구 방배천로 11 파스텔씨티 2층 202-2호 (우)06693,02-597-1155,매일 11:00 ~ 22:00,4,0,2023-05-24 15:17:39,2023-05-24 15:17:39
143,7,모녀당,서울 서초구 방배천로2안길 110 102호 (우)06677,02-0280-1004,"월,화,일요일",4,0,2023-05-24 15:17:39,2023-05-24 15:17:39
144,20,흑산도홍탁,서울 서초구 방배천로 44 (우)06691,02-523-9915,매일 16:00 ~ 02:00,1,0,2023-05-24 15:17:39,2023-05-24 15:17:39
145,14,메종엠오 방배본점,서울 서초구 방배로26길 22 1층 (우)06588,02-8169-0093,"월,화,수요일",4,0,2023-05-24 15:17:39,2023-05-24 15:17:39
146,3,미스사이공 이수점,서울 서초구 동작대로 108 디오슈페리움2 1층 102호 (우)06568,02-7472-5674,매일 11:00 ~ 22:00,2,0,2023-05-24 15:17:39,2023-05-24 15:17:39
147,9,고반식당 이수역점,서울 동작구 동작대로27가길 15 1층 (우)07008,02-6951-3662,매일 16:00 ~ 23:00,1,0,2023-05-24 15:17:39,2023-05-24 15:17:39
148,7,홍두깨손칼국수,서울 동작구 동작대로29나길 10 (우)06997,02-0977-7785,매일 11:00 ~ 20:00 (수제비는 15시~17시 사이에만 주문 가능),3,0,2023-05-24 15:17:39,2023-05-24 15:17:39
149,15,바른황소곱창,서울 동작구 동작대로7길 4 (우)07015,010-5050-8684,화요일,2,0,2023-05-24 15:17:39,2023-05-24 15:17:39
150,20,아구랜드 방배점,서울 서초구 서초대로 68 (우)06673,02-597-1959,매일 11:00 ~ 23:00,3,0,2023-05-24 15:17:39,2023-05-24 15:17:39
151,7,미사키혼술 이수본점,서울 동작구 동작대로25길 24 1층 (우)07008,02-535-2786,월~토 16:00 ~ 02:00,4,0,2023-05-24 15:17:39,2023-05-24 15:17:39
152,20,계림닭한마리,서울 동작구 사당로30길 103 (우)07015,02-3486-7766,매일 10:00 ~ 22:00,1,0,2023-05-24 15:17:39,2023-05-24 15:17:39
153,15,릿 잇 타미,서울 서초구 방배천로2안길 31 1층 (우)06692,02-0238-4718,"월~토 11:30 ~ 22:00
월~금 휴게시간 15:00 ~ 17:00",1,0,2023-05-24 15:17:39,2023-05-24 15:17:39
154,9,권참치 사당점,서울 동작구 사당로30길 142 2층 (우)07015,02-597-7080,월~토 16:00 ~ 01:00,3,0,2023-05-24 15:17:39,2023-05-24 15:17:39
155,2,육갑식당 방배본점,서울 서초구 방배중앙로 166 1층 (우)06557,02-5149-5343,월~금 15:00 ~ 24:00,3,0,2023-05-24 15:17:39,2023-05-24 15:17:39
156,9,미구,서울 서초구 방배천로4길 15-3 (우)06692,02-8108-9117,월~토 18:00 ~ 03:00,2,0,2023-05-24 15:17:39,2023-05-24 15:17:39
157,12,할리스 이수역점,서울 동작구 동작대로 83 헤라피스빌딩 1층 (우)07013,02-8598-7317,월~금 08:00 ~ 02:00,5,0,2023-05-24 15:17:39,2023-05-24 15:17:39
158,10,책그리고,서울 서초구 방배천로 132 (우)06569,02-8612-4578,월~금 09:00 ~ 21:00,3,0,2023-05-24 15:17:39,2023-05-24 15:17:39
159,18,기꾸참치,서울 동작구 남부순환로271길 14 2층 (우)07025,02-3486-3737,매일 14:00 ~ 22:30,3,0,2023-05-24 15:17:39,2023-05-24 15:17:39
160,9,이수산더미,서울 동작구 사당로 307-12 1층 (우)07008,02-536-4788,월~토 11:30 ~ 23:00,4,0,2023-05-24 15:17:39,2023-05-24 15:17:39
161,13,정애맛담,서울 동작구 동작대로29나길 10 1층 (우)06997,02-8879-0405,매일 06:00 ~ 19:30 (또는 20:00),4,0,2023-05-24 15:17:39,2023-05-24 15:17:39
162,12,원조추어탕,서울 동작구 동작대로33가길 4 (우)06996,02-537-9944,매일 09:30 ~ 21:30,4,0,2023-05-24 15:17:39,2023-05-24 15:17:39
163,17,맛집부추곱창 사당점,서울 서초구 방배천로2길 37 (우)06693,02-583-4993,매일 14:00 ~ 23:00,3,0,2023-05-24 15:17:39,2023-05-24 15:17:39
164,4,샘골참숯불막창구이,서울 서초구 방배천로16길 21 (우)06677,02-581-5592,월~토 15:00 ~ 01:00,2,0,2023-05-24 15:17:39,2023-05-24 15:17:39
165,15,고흥이모네전집,서울 동작구 동작대로7길 24 (우)07015,010-2330-5486,매일 00:00 ~ 24:00,4,0,2023-05-24 15:17:39,2023-05-24 15:17:39
166,5,솔라스,서울 서초구 방배천로18길 26 (우)06677,070-8809-7711,화요일,3,0,2023-05-24 15:17:39,2023-05-24 15:17:39
167,10,방배반점,서울 서초구 방배천로16길 4 1층 (우)06677,070-4007-1893,"월~토 11:00 ~ 21:00
월~토 휴게시간 15:00 ~ 17:00",4,0,2023-05-24 15:17:39,2023-05-24 15:17:39
168,20,페이브 방배점,서울 서초구 서초대로25길 32 엠아이빌딩 1층 (우)06586,02-0338-2133,매일 09:00 ~ 22:00,5,0,2023-05-24 15:17:39,2023-05-24 15:17:39
169,15,72420 사당본점,서울 동작구 동작대로1길 50 1층 (우)07025,02-588-2420,매일 11:30 ~ 22:00,5,0,2023-05-24 15:17:39,2023-05-24 15:17:39
170,19,카페좋아진다,서울 동작구 사당로26길 87 1층 (우)07015,02-8363-3156,월~토 10:00 ~ 21:00,5,0,2023-05-24 15:17:39,2023-05-24 15:17:39
171,9,버거307 이수점,서울 서초구 방배천로18길 16 (우)06677,02-8372-8688,매일 11:00 ~ 24:00,1,0,2023-05-24 15:17:39,2023-05-24 15:17:39
172,1,동명 IZAKAYA,서울 관악구 남현1길 42 남현빌딩 4층 (우)08806,02-9562-5955,월~목 16:00 ~ 24:00,4,0,2023-05-24 15:17:39,2023-05-24 15:17:39
173,7,설빙 이수역점,서울 동작구 동작대로27가길 12 2층 (우)07008,02-7574-2818,매일 11:00 ~ 23:00,1,0,2023-05-24 15:17:39,2023-05-24 15:17:39
174,3,바이젠하우스 서울 방배1호점,서울 서초구 동작대로 22 (우)06692,02-588-7782,매일 16:00 ~ 02:00,5,0,2023-05-24 15:17:39,2023-05-24 15:17:39
175,2,100족발,서울 동작구 사당로30길 154 (우)07025,02-3906-5623,화~일 12:00 ~ 24:00,4,0,2023-05-24 15:17:39,2023-05-24 15:17:39
176,1,7%칠백식당 방배직영점,서울 서초구 방배로27길 12 (우)06572,02-8944-6316,월~토 17:00 ~ 23:00,3,0,2023-05-24 15:17:39,2023-05-24 15:17:39
177,1,군선생 이수역9번출구점,서울 동작구 동작대로23길 17 (우)07013,02-0577-4124,매일 17:00 ~ 05:00,2,0,2023-05-24 15:17:39,2023-05-24 15:17:39
178,8,떡마당떡집,서울 서초구 방배로23길 22 (우)06672,02-523-0260,매일 09:00 ~ 19:00,5,0,2023-05-24 15:17:39,2023-05-24 15:17:39
179,19,엔터하츠,서울 서초구 동광로 11 빈센트빌딩 1층 (우)06560,02-9415-3409,매일 08:00 ~ 22:00,2,0,2023-05-24 15:17:39,2023-05-24 15:17:39
180,2,남산터 이수점,서울 서초구 동작대로 68 1층 (우)06677,02-1767-5487,매일 00:00 ~ 24:00,3,0,2023-05-24 15:17:39,2023-05-24 15:17:39
181,11,은연가 사당2호점,서울 동작구 동작대로23길 31 1층 (우)07013,070-4224-2243,매일 11:00 ~ 24:00,4,0,2023-05-24 15:17:39,2023-05-24 15:17:39
182,9,북경양꼬치,서울 동작구 동작대로27길 32 1층 (우)07008,02-591-7082,매일 10:00 ~ 24:00,1,0,2023-05-24 15:17:39,2023-05-24 15:17:39
183,10,맛집곱창구이,서울 서초구 방배천로2안길 23 1층 (우)06692,02-4884-5232,월~토 14:00 ~ 24:00,5,0,2023-05-24 15:17:39,2023-05-24 15:17:39
184,7,탐나종합어시장 이수역점,서울 동작구 동작대로 141 1층 (우)06997,02-0791-9173,매일 11:00 ~ 03:00,4,0,2023-05-24 15:17:39,2023-05-24 15:17:39
185,16,너땜에한잔,서울 서초구 방배천로2안길 23 (우)06692,02-588-4045,매일 17:00 ~ 02:00,2,0,2023-05-24 15:17:39,2023-05-24 15:17:39
186,11,방배한가람김밥,서울 동작구 동작대로7길 55 (우)07025,02-585-7280,월~금 06:00 ~ 20:00,3,0,2023-05-24 15:17:39,2023-05-24 15:17:39
187,9,일상다반사,서울 동작구 동작대로25길 60-1 (우)07008,02-0231-7082,매일 11:00 ~ 22:30,2,0,2023-05-24 15:17:39,2023-05-24 15:17:39
188,3,참치마니아,서울 동작구 동작대로7길 12 2층 (우)07015,02-582-3737,매일 16:00 ~ 23:00,4,0,2023-05-24 15:17:39,2023-05-24 15:17:39
189,19,신용산감자탕,서울 동작구 동작대로23길 17 2층 (우)07013,010-2117-4100,"월~토 11:30 ~ 22:00
월~토 휴게시간 15:00 ~ 17:00",5,0,2023-05-24 15:17:39,2023-05-24 15:17:39
190,14,일미옥,서울 서초구 서초대로19길 10-21 (우)06573,02-533-7199,"월~토 11:00 ~ 21:40
월~토 휴게시간 15:00 ~ 17:00",4,0,2023-05-24 15:17:39,2023-05-24 15:17:39
191,4,이수족발,서울 서초구 방배천로4길 42 (우)06693,02-534-0303,매일 12:00 ~ 23:00,5,0,2023-05-24 15:17:39,2023-05-24 15:17:39
192,8,심비디움2 사당점,서울 서초구 방배천로 11 5층 (우)06693,02-521-3901,"매일 11:30 ~ 22:00
월~금 휴게시간 15:30 ~ 17:30",2,0,2023-05-24 15:17:39,2023-05-24 15:17:39
193,14,하노이별 사당점,서울 동작구 사당로30길 97 1층 (우)07015,02-9799-4823,매일 11:00 ~ 21:00,3,0,2023-05-24 15:17:39,2023-05-24 15:17:39
194,12,원양참치,서울 서초구 방배천로 60 (우)06677,02-7128-3115,hi,3,0,2023-05-24 15:17:39,2023-05-24 15:17:39
195,14,KFC 이수역점,서울 서초구 동작대로 114 유문빌딩 1층 (우)06568,02-4287-2761,매일 10:00 ~ 23:00,2,0,2023-05-24 15:17:39,2023-05-24 15:17:39
196,14,돼지굴뚝,서울 동작구 동작대로25길 51 (우)07008,02-2912-0403,hi,4,0,2023-05-24 15:17:39,2023-05-24 15:17:39
197,7,상도늘보리 이수점,서울 동작구 동작대로31길 3 (우)06997,02-9379-8958,hi,1,0,2023-05-24 15:17:39,2023-05-24 15:17:39
198,13,헝그리곰바,서울 서초구 방배천로4안길 61 1층 101호 (우)06677,02-6397-5959,"매일 11:30 ~ 22:00
월~금 휴게시간 15:30 ~ 17:30",3,0,2023-05-24 15:17:39,2023-05-24 15:17:39
199,11,마포집,서울 동작구 동작대로27길 6 (우)07008,02-591-9247,매일 00:00 ~ 24:00,1,0,2023-05-24 15:17:39,2023-05-24 15:17:39
200,2,소문난순대국,서울 동작구 동작대로29나길 38 (우)06997,02-7076-9733,일요일,5,0,2023-05-24 15:17:39,2023-05-24 15:17:39
201,11,문어가,서울 동작구 동작대로27가길 46-5 (우)07008,02-4645-7150,월~토 07:00 ~ 21:00,1,0,2023-05-24 15:17:39,2023-05-24 15:17:39
202,19,미국식,서울 서초구 동광로24길 50 지니빌 1층 (우)06586,02-6621-9874,"월~토 11:30 ~ 21:00
월~토 휴게시간 15:00 ~ 17:30",5,0,2023-05-24 15:17:39,2023-05-24 15:17:39
203,8,빈빈양꼬치,서울 동작구 남부순환로271길 31 (우)07025,02-3679-1124,매일 14:00 ~ 02:00,3,0,2023-05-24 15:17:39,2023-05-24 15:17:39
204,9,종로곱창,서울 동작구 동작대로29길 13 (우)07008,02-533-0869,일요일,1,0,2023-05-24 15:17:39,2023-05-24 15:17:39
205,15,진코다리와황태,서울 동작구 동작대로29가길 23-2 (우)06997,02-2392-3459,hi,5,0,2023-05-24 15:17:39,2023-05-24 15:17:39
206,20,행복한맥주,서울 동작구 동작대로27길 49 (우)07008,02-6205-1443,매일 17:00 ~ 01:00,4,0,2023-05-24 15:17:39,2023-05-24 15:17:39
207,11,버거킹 사당역점,"서울 동작구 동작대로 21 양지빌딩 1,2층 (우)07015",02-2837-0451,매일 00:00 ~ 24:00,3,0,2023-05-24 15:17:39,2023-05-24 15:17:39
208,20,당산오돌 사당점,서울 서초구 방배천로4길 18 (우)06693,02-583-8250,화~목 15:00 ~ 01:00,1,0,2023-05-24 15:17:39,2023-05-24 15:17:39
209,1,뚜레쥬르 사당시티점,서울 동작구 동작대로 79-1 시티빌딩 1층 (우)07013,02-583-2688,hi,4,0,2023-05-24 15:17:39,2023-05-24 15:17:39
210,5,포차노리,"서울 동작구 동작대로27다길 18 1, 2층 (우)07008",02-534-6597,매일 17:00 ~ 06:00,4,0,2023-05-24 15:17:39,2023-05-24 15:17:39
211,15,일미가참치,서울 동작구 동작대로25길 16 3층 (우)07008,02-593-3788,매일 15:00 ~ 01:00,1,0,2023-05-24 15:17:39,2023-05-24 15:17:39
212,8,용차이,서울 동작구 사당로30길 56 1층 (우)07014,02-587-3986,"월~금 11:00 ~ 22:00
월~금 휴게시간 15:00 ~ 17:00",1,0,2023-05-24 15:17:39,2023-05-24 15:17:39
213,15,성민양꼬치,서울 서초구 방배천로2길 27 (우)06693,02-583-8859,매일 17:00 ~ 05:00,5,0,2023-05-24 15:17:39,2023-05-24 15:17:39
214,3,유정오리닭한방백숙,서울 서초구 방배중앙로 87 1층 (우)06570,02-591-4796,일요일,2,0,2023-05-24 15:17:39,2023-05-24 15:17:39
215,4,쩡곱도리탕,서울 동작구 사당로30길 140 (우)07015,02-523-5989,"매일 11:30 ~ 22:30
매일 휴게시간 14:30 ~ 17:30",3,0,2023-05-24 15:17:39,2023-05-24 15:17:39
216,20,롯데리아 이수역점,서울 동작구 동작대로 129 (우)06997,02-8664-5416,매일 00:00 ~ 24:00,2,0,2023-05-24 15:17:39,2023-05-24 15:17:39
217,9,품앗이,서울 동작구 동작대로27다길 41 (우)07008,02-582-8487,매일 00:00 ~ 24:00,3,0,2023-05-24 15:17:39,2023-05-24 15:17:39
218,6,이수면옥,서울 동작구 동작대로 123 (우)07008,02-2769-8166,매일 10:00 ~ 22:00,4,0,2023-05-24 15:17:39,2023-05-24 15:17:39
219,2,백호양대창 이수점,서울 동작구 동작대로25길 30 1층 (우)07008,02-2354-2550,hi,3,0,2023-05-24 15:17:39,2023-05-24 15:17:39
220,4,바다회세꼬시,서울 동작구 동작대로1길 10-16 (우)07025,02-588-1650,매일 11:30 ~ 23:00,1,0,2023-05-24 15:17:39,2023-05-24 15:17:39
221,14,베이크샵 피봇,서울 서초구 방배로23길 5 1층 (우)06672,02-2977-0013,화~일 08:00 ~ 18:00,1,0,2023-05-24 15:17:39,2023-05-24 15:17:39
222,5,고추찜닭 본점,서울 동작구 동작대로27가길 14 (우)07008,02-592-1125,매일 11:00 ~ 24:00,3,0,2023-05-24 15:17:39,2023-05-24 15:17:39
223,16,하늘을걷는고양이카페,서울 동작구 동작대로27길 15 서범빌딩 4층 (우)07008,02-533-7647,매일 13:30 ~ 20:30,3,0,2023-05-24 15:17:39,2023-05-24 15:17:39
224,3,땡초우동 사당직영2호점,서울 동작구 사당로 280 (우)07013,02-583-0907,hi,3,0,2023-05-24 15:17:39,2023-05-24 15:17:39
225,3,태평아구찜,서울 동작구 사당로 307-14 1층 (우)07008,02-3482-8588,월~토 12:00 ~ 22:00,3,0,2023-05-24 15:17:39,2023-05-24 15:17:39
226,4,곱분이곱창 이수점,서울 동작구 동작대로25길 37 (우)07008,02-5509-2554,매일 16:00 ~ 02:00,2,0,2023-05-24 15:17:39,2023-05-24 15:17:39
227,19,피쉬퓨전회포차 사당점,서울 동작구 동작대로7길 7 (우)07015,02-6085-2898,매일 16:00 ~ 02:30,3,0,2023-05-24 15:17:39,2023-05-24 15:17:39
228,7,남오토코 방배점,서울 서초구 방배천로 22 (우)06692,02-2570-7300,매일 17:00 ~ 02:00,5,0,2023-05-24 15:17:39,2023-05-24 15:17:39
229,5,이태리상회,서울 동작구 사당로 245 1층 (우)07005,02-536-2221,"매일 11:30 ~ 22:00
월~금 휴게시간 16:00 ~ 17:00",2,0,2023-05-24 15:17:39,2023-05-24 15:17:39
230,10,투썸플레이스 방배이수점,"서울 서초구 서초대로1길 11 1, 2층 (우)06567",070-4099-0780,매일 08:00 ~ 22:00,2,0,2023-05-24 15:17:39,2023-05-24 15:17:39
231,8,고베그릴,서울 관악구 남부순환로 2082-25 5층 (우)08806,02-8483-9187,매일 11:30 ~ 23:40,4,0,2023-05-24 15:17:39,2023-05-24 15:17:39
232,8,남희회포장마차,서울 동작구 동작대로27가길 15 1층 (우)07008,02-7244-0167,hi,3,0,2023-05-24 15:17:39,2023-05-24 15:17:39
233,1,메가MGC커피 이수태평점,서울 동작구 동작대로27길 20 1층 (우)07008,02-3747-6252,월~토 08:00 ~ 24:00,2,0,2023-05-24 15:17:39,2023-05-24 15:17:39
234,18,힘찬정육식당 사당역직영점,서울 관악구 남현1길 58 (우)08806,02-521-6366,매일 11:00 ~ 01:00,4,0,2023-05-24 15:17:39,2023-05-24 15:17:39
235,16,미분당 이수점,서울 서초구 서초대로 13 마에스트로 1동 107호 (우)06569,02-4547-8498,"매일 11:00 ~ 21:00
매일 휴게시간 15:00 ~ 17:00",5,0,2023-05-24 15:17:39,2023-05-24 15:17:39
236,2,전원일기,서울 동작구 동작대로25길 32 1층 (우)07008,02-535-5937,매일 11:00 ~ 01:00,1,0,2023-05-24 15:17:39,2023-05-24 15:17:39
237,19,동래모듬전,서울 동작구 동작대로7길 20 동래파전 (우)07015,02-583-2022,매일 13:00 ~ 02:00,3,0,2023-05-24 15:17:39,2023-05-24 15:17:39
238,5,등촌샤브칼국수 이수점,서울 동작구 사당로 286 2층 (우)07013,02-8314-0459,매일 10:30 ~ 22:00,1,0,2023-05-24 15:17:39,2023-05-24 15:17:39
239,6,키세츠스시,서울 서초구 방배천로4안길 18 1층 (우)06692,02-6604-5072,"매일 12:00 ~ 21:30
매일 휴게시간 14:00 ~ 18:00",4,0,2023-05-24 15:17:39,2023-05-24 15:17:39
240,7,충청삼겹 이수점,서울 동작구 동작대로27다길 15 1층 (우)07008,02-533-8810,매일 11:00 ~ 01:00,5,0,2023-05-24 15:17:39,2023-05-24 15:17:39
241,2,미테이,서울 서초구 방배중앙로 140 (우)06561,02-532-1376,월~토 18:30 ~ 01:00,1,0,2023-05-24 15:17:39,2023-05-24 15:17:39
242,2,올웨이즈온,서울 서초구 방배천로2안길 45 1층 (우)06692,02-5319-9391,"월,화,수,목,일 11:00 ~ 21:00",1,0,2023-05-24 15:17:39,2023-05-24 15:17:39
243,3,떡붕 이수점,서울 동작구 동작대로29길 57 (우)07008,02-534-7427,hi,4,0,2023-05-24 15:17:39,2023-05-24 15:17:39
244,19,동대문엽기떡볶이 이수역점,서울 동작구 사당로 300 125호 (우)07013,02-1568-6088,매일 11:00 ~ 23:50,4,0,2023-05-24 15:17:39,2023-05-24 15:17:39
245,20,유미카츠 이수방배점,서울 동작구 동작대로27길 18 2층 (우)07008,02-7070-7697,매일 11:00 ~ 22:00,5,0,2023-05-24 15:17:39,2023-05-24 15:17:39
246,17,속초오징어어시장 사당점,"서울 관악구 남현1길 47 1,2층 (우)08806",02-586-1410,매일 11:30 ~ 17:30,5,0,2023-05-24 15:17:39,2023-05-24 15:17:39
247,16,세시파스타,서울 서초구 효령로 23 (우)06694,02-3100-9967,"화~일 11:30 ~ 21:00
화~금 휴게시간 15:00 ~ 17:30",5,0,2023-05-24 15:17:39,2023-05-24 15:17:39
248,17,무안수산,서울 동작구 동작대로7길 62-1 (우)07025,02-586-0822,화~금 17:00 ~ 22:00,4,0,2023-05-24 15:17:39,2023-05-24 15:17:39
249,19,얌리마카롱,서울 서초구 도구로 114 (우)06570,02-7081-1315,"월,화요일",5,0,2023-05-24 15:17:39,2023-05-24 15:17:39
250,19,샌드리아 이수역점,서울 서초구 동광로12가길 34 (우)06567,02-6017-0928,월~목 09:00 ~ 22:30,5,0,2023-05-24 15:17:39,2023-05-24 15:17:39
251,5,홍콩반점0410 이수역점,서울 동작구 동작대로27가길 38 1층 (우)07008,02-6871-0897,"매일 11:00 ~ 21:20
매일 휴게시간 15:00 ~ 15:30",1,0,2023-05-24 15:17:39,2023-05-24 15:17:39
252,8,우리집한우정육식당,서울 동작구 동작대로29가길 9 (우)06997,02-9169-3136,hi,1,0,2023-05-24 15:17:39,2023-05-24 15:17:39
253,4,토모야,서울 서초구 방배천로 17 2층 (우)06693,02-3443-8850,매일 17:00 ~ 02:00,1,0,2023-05-24 15:17:39,2023-05-24 15:17:39
254,5,전주남부시장콩나물국밥,서울 서초구 방배천로16길 3 1층 (우)06677,02-582-2527,hi,2,0,2023-05-24 15:17:39,2023-05-24 15:17:39
255,7,남오토코 이수역점,서울 동작구 동작대로27다길 42 1층 (우)07008,02-3889-6067,월~금 18:00 ~ 03:00,4,0,2023-05-24 15:17:39,2023-05-24 15:17:39
256,3,달콤커피 이수역점,서울 동작구 동작대로 101 1층 (우)07008,02-2867-6178,hi,5,0,2023-05-24 15:17:39,2023-05-24 15:17:39
257,7,까르니브라질그릴,서울 서초구 방배로 83-9 동화빌딩 5층 (우)06686,02-598-5066,월~금 11:30 ~ 22:00,5,0,2023-05-24 15:17:39,2023-05-24 15:17:39
258,19,황제소고기국밥,서울 동작구 동작대로29길 11 (우)07008,02-594-9200,"첫째,셋째 일요일",5,0,2023-05-24 15:17:39,2023-05-24 15:17:39
259,11,대신수산,서울 동작구 동작대로7길 43 1층 (우)07015,02-587-0822,매일 17:00 ~ 24:00,4,0,2023-05-24 15:17:39,2023-05-24 15:17:39
260,9,이수짜장,서울 동작구 동작대로29가길 7 (우)06997,02-1099-6573,hi,2,0,2023-05-24 15:17:39,2023-05-24 15:17:39
261,13,더풍년 이수점,서울 동작구 동작대로25길 50 1층 (우)07008,02-0139-4957,월~토 17:00 ~ 22:00,3,0,2023-05-24 15:17:39,2023-05-24 15:17:39
262,5,오리촌,서울 동작구 동작대로31길 13 1층 (우)06997,02-532-3512,"매일 11:00 ~ 22:00
매일 휴게시간 15:00 ~ 16:00",2,0,2023-05-24 15:17:39,2023-05-24 15:17:39
263,6,조가네족발왕,서울 동작구 동작대로23길 21 대원빌딩 1층 (우)07013,02-522-2777,매일 16:00 ~ 24:00,1,0,2023-05-24 15:17:39,2023-05-24 15:17:39
264,15,이수정육식당,서울 동작구 동작대로27다길 5 (우)07008,02-5099-0403,hi,4,0,2023-05-24 15:17:39,2023-05-24 15:17:39
265,18,이수가,서울 동작구 동작대로27나길 6 2층 (우)07008,02-7328-7823,hi,5,0,2023-05-24 15:17:39,2023-05-24 15:17:39
266,6,스타벅스 방배카페거리점,서울 서초구 방배중앙로 162 (우)06557,02-4330-8379,월~토 08:00 ~ 22:00,3,0,2023-05-24 15:17:39,2023-05-24 15:17:39
267,8,공평동 꼼장어 이수점,서울 동작구 동작대로27가길 6-3 (우)07008,02-8887-3939,hi,1,0,2023-05-24 15:17:39,2023-05-24 15:17:39
268,17,강원도감자탕쌈밥,서울 동작구 사당로30길 108 (우)07015,02-587-7215,매일 00:00 ~ 24:00,3,0,2023-05-24 15:17:39,2023-05-24 15:17:39
269,1,백미당 서송타워점,서울 동작구 동작대로 137 (우)06997,02-7874-1408,"매일 11:30 ~ 20:30
매일 휴게시간 16:00 ~ 17:00",2,0,2023-05-24 15:17:39,2023-05-24 15:17:39
270,17,어울림정육식당,서울 서초구 방배천로2길 25 상원빌딩 1층 (우)06693,02-3796-4771,매일 11:00 ~ 22:20,2,0,2023-05-24 15:17:39,2023-05-24 15:17:39
271,20,취향마라 이수역점,서울 서초구 동작대로 108 디오슈페리움2 1층 105호 (우)06568,02-8372-9386,매일 10:00 ~ 01:00,4,0,2023-05-24 15:17:39,2023-05-24 15:17:39
272,1,족발의발견,서울 동작구 동작대로1길 32 1층 (우)07025,02-873-5577,매일 14:00 ~ 01:00,5,0,2023-05-24 15:17:39,2023-05-24 15:17:39
273,15,제주어항1950,서울 서초구 방배로 189 1층 (우)06572,02-1248-8243,hi,2,0,2023-05-24 15:17:39,2023-05-24 15:17:39
274,14,분코,서울 서초구 방배천로4안길 26 (우)06692,02-5528-4182,월~금 18:00 ~ 01:00,1,0,2023-05-24 15:17:39,2023-05-24 15:17:39
275,15,꿈꾸는다락방,서울 서초구 청두곶길 12 두원아파트상가 1층 (우)06690,010-8999-7996,매일 11:00 ~ 22:00,4,0,2023-05-24 15:17:39,2023-05-24 15:17:39
276,1,사당광안리,서울 동작구 동작대로7길 5 1층 (우)07015,02-4181-4974,월~토 16:30 ~ 23:00,5,0,2023-05-24 15:17:39,2023-05-24 15:17:39
277,16,홍천숯불닭갈비,서울 동작구 동작대로27가길 41 1층 (우)07008,0507-1338-5095,월~토 15:00 ~ 24:00,4,0,2023-05-24 15:17:39,2023-05-24 15:17:39
278,10,뽕잎사랑 이수점,서울 동작구 동작대로27가길 22 (우)07008,02-8564-6473,매일 11:00 ~ 22:30,4,0,2023-05-24 15:17:39,2023-05-24 15:17:39
279,19,BHC치킨 이수점,"서울 서초구 서초대로 3-4 디오슈페리움1차 104,104-1호 (우)06568",02-9570-4295,매일 12:00 ~ 24:00,1,0,2023-05-24 15:17:39,2023-05-24 15:17:39
280,17,아는포차,서울 동작구 동작대로7길 11 (우)07015,02-581-8897,매일 17:00 ~ 04:00,4,0,2023-05-24 15:17:39,2023-05-24 15:17:39
281,5,택이네조개전골 사당점,서울 동작구 사당로17가길 13 2층 (우)07004,02-2704-1008,hi,3,0,2023-05-24 15:17:39,2023-05-24 15:17:39
282,20,양계장집아들 방배본점,서울 서초구 방배천로16길 1 (우)06677,02-3932-4766,매일 14:00 ~ 02:00,3,0,2023-05-24 15:17:39,2023-05-24 15:17:39
283,3,논고을 사당점,서울 동작구 남부순환로269길 12 (우)07025,02-525-9203,매일 11:00 ~ 01:00,1,0,2023-05-24 15:17:39,2023-05-24 15:17:39
284,17,맘스터치 이수점,서울 동작구 동작대로27길 15 서범빌딩 2층 (우)07008,02-533-6912,hi,2,0,2023-05-24 15:17:39,2023-05-24 15:17:39
285,14,이디야커피 총신대입구역점,서울 동작구 동작대로 119-1 2층 (우)07008,02-7289-9020,월~금 09:00 ~ 23:00,5,0,2023-05-24 15:17:39,2023-05-24 15:17:39
286,9,꿈꾸는포장마차,서울 동작구 동작대로7길 35 1층 (우)07015,02-523-1020,월~목 16:00 ~ 23:30,2,0,2023-05-24 15:17:39,2023-05-24 15:17:39
287,15,엘리씨 커피,서울 서초구 동광로12가길 3 1층 (우)06568,02-7731-1101,월~금 08:00 ~ 23:00,4,0,2023-05-24 15:17:39,2023-05-24 15:17:39
288,3,김채원24시감자탕 사당본점,서울 동작구 동작대로3길 14 (우)07015,02-585-1332,매일 00:00 ~ 24:00,1,0,2023-05-24 15:17:39,2023-05-24 15:17:39
289,19,힘쎈대머리고창풍천장어,서울 동작구 동작대로25길 34 (우)07008,02-0838-0315,hi,5,0,2023-05-24 15:17:39,2023-05-24 15:17:39
290,16,새퍼커피,서울 서초구 서초대로4길 17 1층 (우)06675,02-9722-2695,월~금 08:00 ~ 21:00,3,0,2023-05-24 15:17:39,2023-05-24 15:17:39
291,6,사당김밥 이수점,서울 동작구 동작대로25길 40 (우)07008,02-2010-6840,hi,1,0,2023-05-24 15:17:39,2023-05-24 15:17:39
292,12,빽다방 총신대입구역점,서울 서초구 동작대로 128 1층 (우)06567,02-2520-1732,월~금 07:00 ~ 23:00,1,0,2023-05-24 15:17:39,2023-05-24 15:17:39
293,7,탕마루,서울 동작구 동작대로29가길 10 (우)06997,02-2266-1675,hi,3,0,2023-05-24 15:17:39,2023-05-24 15:17:39
294,13,파리바게뜨 이수태평점,"서울 동작구 동작대로27가길 6 백경빌딩 1층 101,102호 (우)07008",02-5304-3786,매일 07:00 ~ 23:00,1,0,2023-05-24 15:17:39,2023-05-24 15:17:39
295,9,비엔나커피하우스 방배점,서울 서초구 방배로 126 석하빌딩 (우)06664,02-0979-5681,월~금 08:30 ~ 23:00,1,0,2023-05-24 15:17:39,2023-05-24 15:17:39
296,20,오우아,서울 서초구 방배천로6길 3-4 1층 (우)06691,02-7667-5891,월~토 11:00 ~ 22:00,3,0,2023-05-24 15:17:39,2023-05-24 15:17:39
297,10,미인참치,서울 서초구 방배천로2길 2 (우)06693,02-522-6644,월~토 17:00 ~ 01:00,1,0,2023-05-24 15:17:39,2023-05-24 15:17:39
298,11,따올라이,서울 서초구 방배중앙로 149 (우)06560,02-9115-3700,화~일 17:00 ~ 03:00,3,0,2023-05-24 15:17:39,2023-05-24 15:17:39
299,4,철길부산집 이수점,서울 동작구 동작대로27다길 29 서광시티뷰 1층 102호 (우)07008,02-6954-2361,hi,5,0,2023-05-24 15:17:39,2023-05-24 15:17:39
300,18,몰랑이수,서울 동작구 동작대로29길 24 (우)06997,02-6459-2175,매일 08:00 ~ 19:00,2,0,2023-05-24 15:17:39,2023-05-24 15:17:39
301,4,이수오뎅 본점,서울 동작구 동작대로25길 27 1층 (우)07008,02-532-0809,월~토 18:00 ~ 02:00,1,0,2023-05-24 15:17:39,2023-05-24 15:17:39
302,16,육감 방배본점,서울 서초구 효령로 19 (우)06694,02-584-8008,매일 11:00 ~ 22:00,5,0,2023-05-24 15:17:39,2023-05-24 15:17:39
303,8,에이바우트커피 이수점,서울 동작구 동작대로27가길 12 (우)07008,02-4904-5071,매일 08:30 ~ 23:00,3,0,2023-05-24 15:17:39,2023-05-24 15:17:39
304,3,후지스시,서울 동작구 동작대로29가길 23 1층 (우)06997,02-534-9548,매일 11:00 ~ 22:00,3,0,2023-05-24 15:17:39,2023-05-24 15:17:39
305,7,나인피스그릴,서울 서초구 방배천로4길 28 연웅빌딩 1층 (우)06693,02-583-8883,월~금 16:00 ~ 23:00,1,0,2023-05-24 15:17:39,2023-05-24 15:17:39
306,19,스마일포차,서울 서초구 방배중앙로 191 1층 (우)06554,02-5292-9066,월~수 17:00 ~ 02:00,3,0,2023-05-24 15:17:39,2023-05-24 15:17:39
307,4,김봉남포장마차 사당역1호점,서울 동작구 사당로30길 115 2층 (우)07015,02-8622-6577,hi,1,0,2023-05-24 15:17:39,2023-05-24 15:17:39
308,10,이수치막,서울 동작구 동작대로27나길 12 1층 (우)07008,02-3912-6722,월~토 16:00 ~ 02:00,4,0,2023-05-24 15:17:39,2023-05-24 15:17:39
309,6,남원추어탕,서울 동작구 동작대로15길 15 (우)07014,02-6470-4365,hi,3,0,2023-05-24 15:17:39,2023-05-24 15:17:39
310,13,금별맥주 이수점,서울 동작구 동작대로27나길 21 (우)07008,010-4391-7200,hi,1,0,2023-05-24 15:17:39,2023-05-24 15:17:39
311,6,바른치킨 이수역점,서울 동작구 동작대로27다길 14 (우)07008,02-0656-3647,매일 15:00 ~ 01:00,2,0,2023-05-24 15:17:39,2023-05-24 15:17:39
312,19,배스킨라빈스 이수역점,서울 동작구 동작대로27길 15 1층 101호 (우)07008,02-9516-1838,월~토 10:00 ~ 23:00,5,0,2023-05-24 15:17:39,2023-05-24 15:17:39
313,13,쏘맥의달인,서울 동작구 동작대로27길 16-6 2층 (우)07008,02-3914-0539,hi,2,0,2023-05-24 15:17:39,2023-05-24 15:17:39
314,5,향미,서울 서초구 서초대로1길 12 (우)06568,02-3735-5919,hi,4,0,2023-05-24 15:17:39,2023-05-24 15:17:39
315,14,종부네,서울 동작구 동작대로27가길 37 2층 (우)07008,02-8331-7363,월~목 17:00 ~ 23:00,2,0,2023-05-24 15:17:39,2023-05-24 15:17:39
316,15,돌담,서울 동작구 동작대로27다길 12 2층 (우)07008,02-7412-8953,매일 19:00 ~ 02:00,5,0,2023-05-24 15:17:39,2023-05-24 15:17:39
317,4,김명자당진동태아구찜탕,서울 동작구 사당로 229-1 (우)07004,02-536-1233,매일 00:00 ~ 22:30,2,0,2023-05-24 15:17:39,2023-05-24 15:17:39
318,17,오뎅판다 이수역점,서울 동작구 동작대로27가길 32 (우)07008,02-595-5089,월~금 17:00 ~ 02:00,1,0,2023-05-24 15:17:39,2023-05-24 15:17:39
319,16,븟다,서울 동작구 사당로30길 25 메종슈에뜨이수 1층 102호 (우)07013,070-4157-0110,월~목 17:00 ~ 00:00,5,0,2023-05-24 15:17:39,2023-05-24 15:17:39
320,1,온미정,서울 동작구 사당로29가길 46 1층 (우)07008,02-3569-1863,"화~일 11:30 ~ 22:00
화~일 휴게시간 15:00 ~ 16:30",3,0,2023-05-24 15:17:39,2023-05-24 15:17:39
321,12,돝플러스,서울 서초구 서초대로25길 55 1층 (우)06586,02-8235-2590,월~금 17:00 ~ 23:00,1,0,2023-05-24 15:17:39,2023-05-24 15:17:39
322,6,윤공,서울 동작구 동작대로7길 49 1층 (우)07015,02-2792-6884,월~금 16:00 ~ 24:00,1,0,2023-05-24 15:17:39,2023-05-24 15:17:39
323,13,올레요회센터,서울 동작구 사당로30길 150 (우)07025,02-585-0303,매일 11:00 ~ 00:00,3,0,2023-05-24 15:17:39,2023-05-24 15:17:39
324,8,강원도감자옹심이,서울 동작구 사당로30길 63 (우)07014,02-586-2877,"월~금 11:00 ~ 21:00
월~금 휴게시간 16:00 ~ 17:00",3,0,2023-05-24 15:17:39,2023-05-24 15:17:39
325,20,우리회포차 사당점,서울 동작구 사당로30길 148 (우)07025,02-6014-9989,월~토 14:00 ~ 02:00,1,0,2023-05-24 15:17:39,2023-05-24 15:17:39
326,6,방배골숯불갈비,서울 서초구 동광로 7-4 1층 (우)06560,02-3458-4568,hi,1,0,2023-05-24 15:17:39,2023-05-24 15:17:39
327,14,흑산도홍어,서울 서초구 방배천로 40-2 (우)06691,02-3304-3514,hi,3,0,2023-05-24 15:17:39,2023-05-24 15:17:39
328,13,상아김밥 이수점,서울 서초구 서초대로 13 방배마에스트로 1동 1층 103호 (우)06569,02-7760-6976,hi,2,0,2023-05-24 15:17:39,2023-05-24 15:17:39
329,12,리요리요커피,서울 서초구 방배천로18길 11 아르떼상가 B동 104호 (우)06676,02-0504-6145,월~토 12:00 ~ 21:00,2,0,2023-05-24 15:17:39,2023-05-24 15:17:39
330,6,담소소사골순대육개장 이수역점,서울 서초구 서초대로 12 세양아르비채 101동 1층 (우)06675,02-7621-7129,매일 10:00 ~ 23:00,4,0,2023-05-24 15:17:39,2023-05-24 15:17:39
331,14,매드포갈릭 사당점,서울 서초구 방배천로 11 파스텔시티 2층 (우)06693,02-3371-1666,매일 11:30 ~ 22:00,4,0,2023-05-24 15:17:39,2023-05-24 15:17:39
332,12,만랩커피 이수역점,서울 서초구 서초대로 13 1동 1층 105호 (우)06569,02-1458-5052,월~금 08:00 ~ 19:00,4,0,2023-05-24 15:17:39,2023-05-24 15:17:39
333,5,장수촌풍천장어직판장,서울 관악구 남부순환로 2082-37 2층 (우)08806,02-582-0230,매일 10:00 ~ 23:00,5,0,2023-05-24 15:17:39,2023-05-24 15:17:39
334,5,바른고기정육점 서래마을본점,"서울 서초구 동광로 80 정암빌딩 1,2층 (우)06585",02-1099-9326,"매일 11:30 ~ 22:00
매일 휴게시간 15:00 ~ 17:30",3,0,2023-05-24 15:17:39,2023-05-24 15:17:39
335,5,강릉 교동짬뽕,서울 서초구 서초대로1길 23 1층 (우)06567,02-536-9282,"매일 11:00 ~ 20:30
매일 휴게시간 15:00 ~ 17:00",4,0,2023-05-24 15:17:39,2023-05-24 15:17:39
336,10,성림돼지,서울 서초구 서초대로24길 42 (우)06672,02-585-1758,"월~토 11:00 ~ 23:00
월~토 휴게시간 15:00 ~ 17:00",4,0,2023-05-24 15:17:39,2023-05-24 15:17:39
337,18,달비촌대구막창,서울 동작구 동작대로1길 52 (우)07025,02-521-3733,매일 15:00 ~ 01:00,4,0,2023-05-24 15:17:39,2023-05-24 15:17:39
338,13,신셰프양꼬치&훠궈 남현동1호점,서울 관악구 남현3길 71 (우)08806,02-598-0077,매일 12:00 ~ 23:00,2,0,2023-05-24 15:17:39,2023-05-24 15:17:39
339,10,이누식당,서울 서초구 서초대로27길 33 1층 (우)06586,02-4852-6309,"화~토 11:30 ~ 22:00
화~토 휴게시간 14:00 ~ 18:00",4,0,2023-05-24 15:17:39,2023-05-24 15:17:39
340,20,한앤둘치킨호프 이수역직영점,서울 동작구 동작대로27가길 5 (우)07008,02-3476-2277,매일 14:00 ~ 03:00,1,0,2023-05-24 15:17:39,2023-05-24 15:17:39
341,16,목포낙지홍어,서울 동작구 사당로30길 161 (우)07025,02-523-2269,매일 11:00 ~ 22:00,5,0,2023-05-24 15:17:39,2023-05-24 15:17:39
342,4,스타벅스 사당로데오점,서울 서초구 방배천로 5-4 1~4층 (우)06693,02-9175-5102,화~금 07:00 ~ 22:00,5,0,2023-05-24 15:17:39,2023-05-24 15:17:39
343,9,백소정 이수역점,서울 동작구 동작대로27길 12 2층 (우)07008,02-8473-1283,hi,4,0,2023-05-24 15:17:39,2023-05-24 15:17:39
344,8,레코드피맥,서울 동작구 동작대로27다길 26 1층 101호 (우)07008,02-6734-4646,매일 17:00 ~ 03:00,5,0,2023-05-24 15:17:39,2023-05-24 15:17:39
345,4,육쌈냉면 이수점,서울 동작구 동작대로27다길 2 (우)07008,02-6551-9779,매일 11:00 ~ 22:00,4,0,2023-05-24 15:17:39,2023-05-24 15:17:39
346,12,팬사이,서울 동작구 사당로30길 133 2층 (우)07015,070-8777-5444,매일 17:00 ~ 23:00,4,0,2023-05-24 15:17:39,2023-05-24 15:17:39
347,19,만다린,서울 서초구 방배로23길 13 2층 (우)06672,02-6458-5662,hi,1,0,2023-05-24 15:17:39,2023-05-24 15:17:39
348,11,참소예 이수,서울 동작구 동작대로27다길 20 1층 (우)07008,02-593-5609,매일 11:30 ~ 23:50,2,0,2023-05-24 15:17:39,2023-05-24 15:17:39
349,4,원당감자탕 사당점,"서울 서초구 방배천로4길 9 2,3층 (우)06692",02-5432-6283,매일 10:00 ~ 22:00,1,0,2023-05-24 15:17:39,2023-05-24 15:17:39
350,11,시너리(SCENERY),서울 동작구 사당로25가길 1 1층 (우)07006,02-4886-6250,매일 12:00 ~ 22:00,3,0,2023-05-24 15:17:39,2023-05-24 15:17:39
351,4,이자카야나무 사당점,"서울 서초구 방배천로2길 25 2,3층 (우)06693",02-587-6787,매일 15:30 ~ 05:00,3,0,2023-05-24 15:17:39,2023-05-24 15:17:39
352,1,마초셰프,서울 서초구 서초대로25길 8 1층 (우)06588,02-8714-1620,화~일 10:30 ~ 21:00,3,0,2023-05-24 15:17:39,2023-05-24 15:17:39
353,3,LA부대찌개,서울 서초구 효령로31길 90 (우)06682,02-588-0017,"월~금 09:30 ~ 22:00
월~금 휴게시간 16:00 ~ 17:00",5,0,2023-05-24 15:17:39,2023-05-24 15:17:39
354,1,바다회센타,서울 동작구 동작대로27길 20-7 (우)07008,02-2636-2061,hi,2,0,2023-05-24 15:17:39,2023-05-24 15:17:39
355,11,바다당,서울 서초구 방배천로4길 26 2층 (우)06693,02-8015-0573,월~금 16:00 ~ 24:00,1,0,2023-05-24 15:17:39,2023-05-24 15:17:39
356,1,야주포차,서울 동작구 동작대로7길 7 (우)07015,02-1205-8844,매일 16:00 ~ 02:00,3,0,2023-05-24 15:17:39,2023-05-24 15:17:39
357,14,블랙모티브 사당역점,서울 동작구 동작대로7길 48 새한빌딩 1층 (우)07015,02-7496-4739,화 10:30 ~ 23:30,2,0,2023-05-24 15:17:39,2023-05-24 15:17:39
358,3,경복궁함흥냉면,서울 동작구 동작대로27길 16-7 (우)07008,02-533-4309,매일 11:00 ~ 20:30,2,0,2023-05-24 15:17:39,2023-05-24 15:17:39
359,5,우탄,서울 서초구 서초대로1길 8 1층 (우)06568,02-5603-4375,월~토 17:00 ~ 24:00,2,0,2023-05-24 15:17:39,2023-05-24 15:17:39
360,11,푸슈,서울 서초구 서초대로19길 10-11 1층 (우)06573,02-5367-9324,"월,화,목,금,토 11:00 ~ 22:00",1,0,2023-05-24 15:17:39,2023-05-24 15:17:39
361,6,네꼬,서울 동작구 사당로30길 133 (우)07015,02-3513-1871,매일 17:30 ~ 02:00,2,0,2023-05-24 15:17:39,2023-05-24 15:17:39
362,15,양모리,서울 서초구 방배로 174 1층 (우)06586,02-532-8125,월~토 11:00 ~ 22:30,2,0,2023-05-24 15:17:39,2023-05-24 15:17:39
363,18,양평해장국,서울 서초구 방배중앙로 64 가이아빌딩 1층 (우)06673,02-588-8832,월~토 06:00 ~ 21:00,5,0,2023-05-24 15:17:39,2023-05-24 15:17:39
364,19,호림수산,"서울 서초구 방배천로 16 1,2층 (우)06693",02-585-8531,매일 11:00 ~ 23:00,1,0,2023-05-24 15:17:39,2023-05-24 15:17:39
365,8,바닷가,서울 동작구 동작대로13길 8 1층 (우)07014,02-0097-4281,hi,1,0,2023-05-24 15:17:39,2023-05-24 15:17:39
366,8,공차 이수점,서울 동작구 동작대로27길 14 1층 (우)07008,02-7004-8937,매일 08:00 ~ 22:00,4,0,2023-05-24 15:17:39,2023-05-24 15:17:39
367,19,이슬도둑,서울 동작구 동작대로27가길 11 1층 (우)07008,02-536-0302,월~금 16:00 ~ 02:00,1,0,2023-05-24 15:17:39,2023-05-24 15:17:39
368,2,한솥도시락 이수역서문여고점,서울 서초구 동광로12가길 21 (우)06568,02-1356-6681,매일 08:00 ~ 21:00,2,0,2023-05-24 15:17:39,2023-05-24 15:17:39
369,9,어거스트치킨 본점,서울 서초구 방배로 140 인산빌딩 1층 (우)06664,02-4878-0753,매일 15:00 ~ 02:00,1,0,2023-05-24 15:17:39,2023-05-24 15:17:39
370,18,파아람,서울 서초구 동광로12길 120 (우)06568,02-3477-2588,hi,1,0,2023-05-24 15:17:39,2023-05-24 15:17:39
371,14,아티제 사당파스텔시티점,서울 서초구 방배천로 11 SK리더스뷰 (우)06693,02-9401-3633,매일 08:30 ~ 22:00,3,0,2023-05-24 15:17:39,2023-05-24 15:17:39
372,1,산천칡냉면전문,서울 동작구 사당로12길 2 2층 (우)07009,02-3472-2849,화~일 11:30 ~ 19:50,4,0,2023-05-24 15:17:39,2023-05-24 15:17:39
373,5,봉빌렛,서울 동작구 사당로30길 25 메종슈에뜨이수 1층 101호 (우)07013,02-5078-1202,"월,화,수,목,일 19:00 ~ 02:00",4,0,2023-05-24 15:17:39,2023-05-24 15:17:39
374,20,본죽 사당점,서울 동작구 동작대로 43 호진빌딩 1층 (우)07015,02-7859-9808,매일 10:00 ~ 22:00,1,0,2023-05-24 15:17:39,2023-05-24 15:17:39
375,18,신채정샤브수끼칼국수,서울 동작구 동작대로27길 16-7 2층 (우)07008,02-7613-9717,hi,3,0,2023-05-24 15:17:39,2023-05-24 15:17:39
376,7,이고집쭈꾸미 사당직영점,서울 서초구 방배천로2길 39-14 (우)06693,02-585-5879,월~금 11:30 ~ 23:00,3,0,2023-05-24 15:17:39,2023-05-24 15:17:39
377,15,정정아식당 이수역점,서울 서초구 동작대로 108 방배디오슈페리움2차 1층 (우)06568,02-3308-3629,hi,3,0,2023-05-24 15:17:39,2023-05-24 15:17:39
378,17,아트메이저,서울 서초구 서초대로 114 1층 (우)06664,02-521-6239,월~금 08:30 ~ 22:00,2,0,2023-05-24 15:17:39,2023-05-24 15:17:39
379,18,카페희다 사당점,서울 동작구 동작대로 49 1층 (우)07014,070-4833-5001,월~금 08:30 ~ 22:30,5,0,2023-05-24 15:17:39,2023-05-24 15:17:39
380,13,육대장 이수역점,서울 동작구 동작대로31길 17 1층 (우)06997,02-534-6484,매일 11:00 ~ 22:00,5,0,2023-05-24 15:17:39,2023-05-24 15:17:39
381,18,교촌치킨 사당1호점,서울 동작구 사당로23길 2 1층 (우)07006,02-5866-0237,매일 12:00 ~ 24:00,1,0,2023-05-24 15:17:39,2023-05-24 15:17:39
382,11,아웃백스테이크하우스 사당파스텔시티점,서울 서초구 방배천로 11 4층 401호 (우)06693,02-3707-0135,매일 11:00 ~ 22:00,4,0,2023-05-24 15:17:39,2023-05-24 15:17:39
383,4,조개랑통골뱅이,서울 동작구 동작대로25길 20 (우)07008,02-9391-1533,hi,4,0,2023-05-24 15:17:39,2023-05-24 15:17:39
384,10,이디야커피 사당점,서울 동작구 동작대로 45 (우)07014,02-5733-4787,월~금 08:00 ~ 23:00,3,0,2023-05-24 15:17:39,2023-05-24 15:17:39
385,5,프랭크버거 이수역점,서울 서초구 동작대로 138 소방빌딩 1층 (우)06567,02-3838-4092,매일 11:00 ~ 21:00,3,0,2023-05-24 15:17:39,2023-05-24 15:17:39
386,2,명인등심 방배점,서울 서초구 서초대로 87 1층 (우)06573,02-591-3888,"매일 11:00 ~ 22:00
매일 휴게시간 14:00 ~ 17:00",4,0,2023-05-24 15:17:39,2023-05-24 15:17:39
387,6,꼼 이수본점,"서울 동작구 동작대로27나길 21 두원상가 110,111호 (우)07008",02-3620-3591,hi,2,0,2023-05-24 15:17:39,2023-05-24 15:17:39
388,2,타누키돈부리 이수역점,서울 동작구 동작대로27가길 14 (우)07008,02-537-5347,"월,화,목,금,토,일 11:00 ~ 22:30",5,0,2023-05-24 15:17:39,2023-05-24 15:17:39
389,13,강남동태찜,서울 서초구 방배천로2길 31 지상 2층 (우)06693,02-598-6060,매일 10:00 ~ 23:00,4,0,2023-05-24 15:17:39,2023-05-24 15:17:39
390,17,브로스키친,서울 서초구 방배천로18길 32 1층 (우)06677,02-8408-8065,hi,3,0,2023-05-24 15:17:39,2023-05-24 15:17:39
391,16,마실,서울 동작구 사당로 215 서림빌딩 1층 115~118호 (우)07004,02-3616-8029,화~토 11:00 ~ 22:00,2,0,2023-05-24 15:17:39,2023-05-24 15:17:39
392,15,명동참치,서울 동작구 동작대로1길 18 2층 (우)07025,02-2055-0011,매일 11:30 ~ 22:30,1,0,2023-05-24 15:17:39,2023-05-24 15:17:39
393,1,대나무집,서울 동작구 동작대로27나길 34 (우)07008,02-5092-4070,hi,1,0,2023-05-24 15:17:39,2023-05-24 15:17:39
394,12,담양죽순추어탕,서울 관악구 남부순환로 2082-37 (우)08806,02-597-0036,매일 11:00 ~ 22:00 (포장은 10:00부터),4,0,2023-05-24 15:17:39,2023-05-24 15:17:39
